ID,Marital Status,Gender,Income,Children,Education,Occupation,Home Owner,Cars,Commut Distance,Region,Age,Purchased Bike,Age Group
12496,Married,Female,40000,1,Bachelors,Skilled Manual,Yes,0,0-1 Miles,Europe,42,No,Middle Aged
24107,Married,Male,30000,3,Partial College,Clerical,Yes,1,0-1 Miles,Europe,43,No,Middle Aged
14177,Married,Male,80000,5,Partial College,Professional,No,2,2-5 Miles,Europe,60,No,Old Aged
24381,Single,Male,70000,0,Bachelors,Professional,Yes,1,5-10 Miles,Pacific,41,Yes,Middle Aged
25597,Single,Male,30000,0,Bachelors,Clerical,No,0,0-1 Miles,Europe,36,Yes,Middle Aged
13507,Married,Female,10000,2,Partial College,Manual,Yes,0,1-2 Miles,Europe,50,No,Middle Aged
27974,Single,Male,160000,2,High School,Management,,4,0-1 Miles,Pacific,33,Yes,Middle Aged
19364,Married,Male,40000,1,Bachelors,Skilled Manual,Yes,0,0-1 Miles,Europe,43,Yes,Middle Aged
22155,Married,Male,20000,2,Partial High School,Clerical,Yes,2,5-10 Miles,Pacific,58,No,Old Aged
19280,Married,Male,56268,2,Partial College,Manual,Yes,1,0-1 Miles,Europe,44,Yes,Middle Aged
22173,Married,Female,30000,3,High School,Skilled Manual,No,2,1-2 Miles,Pacific,54,Yes,Old Aged
12697,Single,Female,90000,0,Bachelors,Professional,No,4,10+ Miles,Pacific,36,No,Middle Aged
11434,Married,Male,170000,5,Partial College,Professional,Yes,1,0-1 Miles,Europe,55,No,Old Aged
25323,Married,Male,40000,2,Partial College,Clerical,Yes,1,1-2 Miles,Europe,35,Yes,Middle Aged
23542,Single,Male,60000,1,Partial College,Skilled Manual,No,1,0-1 Miles,Pacific,45,Yes,Middle Aged
20870,Single,Female,10000,2,High School,Manual,Yes,1,0-1 Miles,Europe,38,Yes,Middle Aged
23316,Single,Male,30000,3,Partial College,Clerical,No,2,1-2 Miles,Pacific,59,Yes,Old Aged
12610,Married,Female,30000,1,Bachelors,Clerical,Yes,0,0-1 Miles,Europe,47,No,Middle Aged
27183,Single,Male,40000,2,Partial College,Clerical,Yes,1,1-2 Miles,Europe,35,Yes,Middle Aged
25940,Single,Male,20000,2,Partial High School,Clerical,Yes,2,5-10 Miles,Pacific,55,Yes,Old Aged
25598,Married,Female,40000,0,Graduate Degree,Clerical,Yes,0,0-1 Miles,Europe,36,Yes,Middle Aged
21564,Single,Female,80000,0,Bachelors,Professional,Yes,4,10+ Miles,Pacific,35,No,Middle Aged
19193,Single,Male,40000,2,Partial College,Clerical,Yes,0,1-2 Miles,Europe,35,Yes,Middle Aged
26412,Married,Female,80000,5,High School,Management,No,3,5-10 Miles,Europe,56,No,Old Aged
27184,Single,Male,40000,2,Partial College,Clerical,No,1,0-1 Miles,Europe,34,No,Middle Aged
12590,Single,Male,30000,1,Bachelors,Clerical,Yes,0,0-1 Miles,Europe,63,No,Old Aged
17841,Single,Male,30000,0,Partial College,Clerical,No,1,0-1 Miles,Europe,29,Yes,Young
18283,Married,Female,100000,0,Bachelors,Professional,No,1,5-10 Miles,Pacific,40,No,Middle Aged
18299,Married,Male,70000,5,Partial College,Skilled Manual,Yes,2,5-10 Miles,Pacific,44,No,Middle Aged
16466,Single,Female,20000,0,Partial High School,Manual,No,2,0-1 Miles,Europe,32,Yes,Middle Aged
19273,Married,Female,20000,2,Partial College,Manual,Yes,0,0-1 Miles,Europe,63,No,Old Aged
22400,Married,Male,10000,0,Partial College,Manual,No,1,0-1 Miles,Pacific,26,Yes,Young
20942,Single,Female,20000,0,High School,Manual,No,1,5-10 Miles,Europe,31,No,Middle Aged
18484,Single,Male,80000,2,High School,Skilled Manual,No,2,1-2 Miles,Pacific,50,Yes,Middle Aged
12291,Single,Male,90000,5,Partial College,Professional,No,2,2-5 Miles,Europe,62,Yes,Old Aged
28380,Single,Female,10000,5,Partial High School,Manual,No,2,0-1 Miles,Europe,41,No,Middle Aged
17891,Married,Female,10000,2,Partial College,Manual,Yes,1,0-1 Miles,Europe,50,Yes,Middle Aged
27832,Single,Female,30000,0,Partial College,Clerical,No,1,2-5 Miles,Europe,30,No,Young
26863,Single,Male,20000,0,High School,Manual,No,1,2-5 Miles,Europe,28,No,Young
16259,Single,Female,10000,4,Partial High School,Manual,Yes,2,0-1 Miles,Europe,40,Yes,Middle Aged
27803,Single,Female,30000,2,Partial College,Clerical,No,0,0-1 Miles,Europe,43,No,Middle Aged
14347,Single,Female,40000,2,Bachelors,Management,Yes,2,5-10 Miles,Pacific,65,Yes,Old Aged
17703,Married,Female,10000,1,Graduate Degree,Manual,Yes,0,0-1 Miles,Europe,40,No,Middle Aged
17185,Married,Female,170000,4,Partial College,Professional,No,3,5-10 Miles,Europe,48,Yes,Middle Aged
29380,Married,Female,20000,3,High School,Manual,Yes,0,0-1 Miles,Europe,41,Yes,Middle Aged
23986,Married,Female,20000,1,Bachelors,Clerical,Yes,0,0-1 Miles,Europe,66,Yes,Old Aged
24466,Married,Female,60000,1,Partial College,Skilled Manual,Yes,1,5-10 Miles,Pacific,46,Yes,Middle Aged
29097,Single,Female,40000,2,Partial College,Skilled Manual,Yes,2,5-10 Miles,Pacific,52,Yes,Old Aged
19487,Married,Male,30000,2,Partial College,Clerical,No,2,0-1 Miles,Europe,42,No,Middle Aged
14939,Married,Male,40000,0,Bachelors,Clerical,Yes,0,0-1 Miles,Europe,39,Yes,Middle Aged
13826,Single,Female,30000,0,Partial College,Clerical,No,1,0-1 Miles,Europe,28,No,Young
20619,Single,Male,80000,0,Bachelors,Professional,No,4,10+ Miles,Pacific,35,No,Middle Aged
12558,Married,Female,20000,1,Bachelors,Clerical,Yes,0,0-1 Miles,Europe,65,No,Old Aged
24871,Single,Female,90000,4,High School,Management,No,3,5-10 Miles,Europe,56,No,Old Aged
17319,Single,Female,70000,0,Bachelors,Professional,No,1,5-10 Miles,Pacific,42,No,Middle Aged
28906,Married,Male,80000,4,High School,Professional,Yes,2,10+ Miles,Europe,54,No,Old Aged
12808,Married,Male,40000,0,Bachelors,Clerical,Yes,0,0-1 Miles,Europe,38,Yes,Middle Aged
20567,Married,Male,130000,4,Partial College,Professional,No,4,5-10 Miles,Europe,61,Yes,Old Aged
25502,Married,Female,40000,1,Bachelors,Skilled Manual,Yes,0,0-1 Miles,Europe,43,Yes,Middle Aged
15580,Married,Male,60000,2,Bachelors,Professional,Yes,1,2-5 Miles,Pacific,38,Yes,Middle Aged
24185,Single,Female,10000,1,High School,Manual,No,1,1-2 Miles,Europe,45,No,Middle Aged
19291,Single,Female,10000,2,High School,Manual,Yes,0,0-1 Miles,Europe,35,No,Middle Aged
16713,Married,Male,40000,2,Bachelors,Management,Yes,1,0-1 Miles,Pacific,52,Yes,Old Aged
16185,Single,Male,60000,4,Bachelors,Professional,Yes,3,10+ Miles,Pacific,41,No,Middle Aged
14927,Married,Female,30000,1,Bachelors,Clerical,Yes,0,0-1 Miles,Europe,37,Yes,Middle Aged
29337,Single,Male,30000,2,Partial College,Clerical,Yes,2,5-10 Miles,Pacific,68,No,Old Aged
29355,Married,Female,40000,0,Graduate Degree,Clerical,Yes,0,0-1 Miles,Europe,37,Yes,Middle Aged
25303,Single,Male,30000,0,High School,Manual,Yes,1,2-5 Miles,Europe,33,Yes,Middle Aged
14813,Single,Female,20000,4,High School,Manual,Yes,1,0-1 Miles,Europe,43,Yes,Middle Aged
16438,Married,Female,10000,0,Partial High School,Manual,No,2,0-1 Miles,Europe,30,No,Young
14238,Married,Male,120000,0,Partial High School,Professional,Yes,4,10+ Miles,Pacific,36,Yes,Middle Aged
16200,Single,Female,10000,0,Partial High School,Manual,No,2,0-1 Miles,Europe,35,No,Middle Aged
24857,Married,Female,130000,3,High School,Professional,Yes,4,0-1 Miles,Europe,52,No,Old Aged
26956,Single,Female,20000,0,Partial College,Manual,No,1,2-5 Miles,Europe,36,Yes,Middle Aged
14517,Married,Female,20000,3,High School,Skilled Manual,No,2,1-2 Miles,Pacific,62,No,Old Aged
12678,Single,Female,130000,4,High School,Management,Yes,4,0-1 Miles,Pacific,31,No,Middle Aged
16188,Single,Female,20000,0,Partial High School,Manual,No,2,1-2 Miles,Europe,26,No,Young
27969,Married,Male,80000,0,Bachelors,Professional,Yes,2,10+ Miles,Pacific,29,Yes,Young
15752,Married,Male,80000,2,High School,Skilled Manual,No,2,1-2 Miles,Pacific,50,Yes,Middle Aged
27745,Single,Male,40000,2,Bachelors,Management,Yes,2,5-10 Miles,Pacific,63,Yes,Old Aged
20828,Married,Female,30000,4,Graduate Degree,Clerical,Yes,0,0-1 Miles,Europe,45,Yes,Middle Aged
19461,Single,Female,10000,4,Partial High School,Manual,Yes,2,0-1 Miles,Europe,40,No,Middle Aged
26941,Married,Male,30000,0,Bachelors,Clerical,Yes,0,0-1 Miles,Europe,47,Yes,Middle Aged
28412,Single,Male,20000,0,High School,Manual,No,1,2-5 Miles,Europe,29,No,Young
24485,Single,Male,40000,2,Bachelors,Management,No,1,5-10 Miles,Pacific,52,Yes,Old Aged
16514,Single,Male,10000,0,Partial College,Manual,Yes,1,1-2 Miles,Pacific,26,Yes,Young
17191,Single,Male,130000,3,Partial College,Professional,No,3,0-1 Miles,Europe,51,Yes,Old Aged
19608,Married,Male,80000,5,Bachelors,Professional,Yes,4,1-2 Miles,Pacific,40,No,Middle Aged
24119,Single,Male,30000,0,Partial College,Clerical,No,1,2-5 Miles,Europe,29,No,Young
25458,Married,Male,20000,1,High School,Manual,No,1,1-2 Miles,Europe,40,Yes,Middle Aged
26886,Single,Female,30000,0,Partial College,Clerical,No,1,0-1 Miles,Europe,29,Yes,Young
28436,Single,Male,30000,0,Partial College,Clerical,No,1,0-1 Miles,Europe,30,Yes,Young
19562,Single,Female,60000,2,Bachelors,Professional,Yes,1,2-5 Miles,Pacific,37,Yes,Middle Aged
15608,Single,Female,30000,0,Partial College,Clerical,No,1,2-5 Miles,Europe,33,No,Middle Aged
16487,Single,Female,30000,3,High School,Skilled Manual,Yes,2,5-10 Miles,Pacific,55,No,Old Aged
17197,Single,Female,90000,5,Partial College,Professional,Yes,2,10+ Miles,Europe,62,No,Old Aged
12507,Married,Male,30000,1,Partial College,Clerical,Yes,1,0-1 Miles,Europe,43,No,Middle Aged
23940,Married,Male,40000,1,Bachelors,Skilled Manual,Yes,1,0-1 Miles,Europe,44,Yes,Middle Aged
19441,Married,Male,40000,0,Graduate Degree,Clerical,Yes,0,0-1 Miles,Europe,44,Yes,Middle Aged
26852,Married,Female,20000,3,High School,Manual,Yes,2,0-1 Miles,Europe,43,No,Middle Aged
12274,Single,Male,10000,2,High School,Manual,Yes,0,0-1 Miles,Europe,35,No,Middle Aged
20236,Single,Male,60000,3,Bachelors,Professional,No,2,0-1 Miles,Pacific,43,Yes,Middle Aged
24149,Married,Male,10000,2,Partial College,Manual,Yes,0,1-2 Miles,Europe,49,No,Middle Aged
26139,Single,Male,60000,1,Partial College,Skilled Manual,Yes,1,5-10 Miles,Pacific,45,No,Middle Aged
18491,Single,Female,70000,2,High School,Professional,Yes,2,5-10 Miles,Pacific,49,Yes,Middle Aged
22707,Single,Female,30000,0,Partial College,Clerical,No,1,2-5 Miles,Europe,30,No,Young
20430,Married,Male,70000,2,Partial College,Skilled Manual,Yes,2,5-10 Miles,Pacific,52,Yes,Old Aged
27494,Single,Female,40000,2,Partial College,Skilled Manual,No,2,1-2 Miles,Pacific,53,Yes,Old Aged
26829,Married,Female,40000,0,Bachelors,Clerical,Yes,0,0-1 Miles,Europe,38,Yes,Middle Aged
28395,Single,Male,40000,0,Bachelors,Professional,No,0,0-1 Miles,Europe,39,Yes,Middle Aged
21006,Single,Female,56268,1,Partial College,Manual,No,0,0-1 Miles,Europe,46,Yes,Middle Aged
14682,Single,Female,70000,0,Bachelors,Professional,No,1,5-10 Miles,Pacific,38,No,Middle Aged
17650,Single,Female,40000,2,Partial College,Clerical,Yes,2,1-2 Miles,Europe,35,No,Middle Aged
29191,Single,Female,130000,1,Graduate Degree,Management,No,1,0-1 Miles,Pacific,36,Yes,Middle Aged
15030,Married,Male,20000,0,Bachelors,Clerical,Yes,0,0-1 Miles,Pacific,26,Yes,Young
24140,Single,Male,10000,0,Graduate Degree,Manual,No,0,0-1 Miles,Europe,30,Yes,Young
22496,Married,Female,30000,1,Bachelors,Skilled Manual,Yes,2,0-1 Miles,Europe,42,No,Middle Aged
24065,Single,Female,20000,2,High School,Manual,Yes,0,0-1 Miles,Europe,40,Yes,Middle Aged
19914,Married,Male,80000,5,Bachelors,Management,Yes,2,2-5 Miles,Europe,62,No,Old Aged
12871,Single,Female,30000,0,Partial College,Clerical,No,1,2-5 Miles,Europe,29,No,Young
22988,Married,Female,40000,2,Bachelors,Management,Yes,2,5-10 Miles,Pacific,66,Yes,Old Aged
15922,Married,Male,150000,2,High School,Professional,Yes,4,0-1 Miles,Europe,48,No,Middle Aged
12344,Single,Female,80000,0,Bachelors,Professional,No,3,10+ Miles,Pacific,31,No,Middle Aged
23627,Single,Female,100000,3,Partial College,Management,No,4,5-10 Miles,Europe,56,No,Old Aged
27775,Single,Female,40000,0,Bachelors,Clerical,No,0,0-1 Miles,Europe,38,Yes,Middle Aged
29301,Married,Male,80000,5,Bachelors,Professional,Yes,4,1-2 Miles,Pacific,40,No,Middle Aged
12716,Single,Male,30000,0,Partial College,Clerical,Yes,1,2-5 Miles,Europe,32,No,Middle Aged
12472,Married,Male,30000,1,Bachelors,Clerical,Yes,1,2-5 Miles,Europe,39,No,Middle Aged
20970,Single,Male,10000,2,Partial College,Manual,Yes,1,0-1 Miles,Europe,52,Yes,Old Aged
26818,Single,Male,10000,3,High School,Manual,Yes,1,0-1 Miles,Europe,39,Yes,Middle Aged
12993,Married,Male,60000,2,Bachelors,Professional,Yes,1,2-5 Miles,Pacific,37,No,Middle Aged
14192,Married,Male,90000,4,High School,Management,Yes,3,5-10 Miles,Europe,56,Yes,Old Aged
19477,Married,Male,40000,0,Bachelors,Professional,Yes,0,0-1 Miles,Europe,40,Yes,Middle Aged
26796,Single,Male,40000,2,Bachelors,Management,Yes,2,5-10 Miles,Pacific,65,Yes,Old Aged
21094,Single,Female,30000,2,Partial College,Clerical,Yes,2,0-1 Miles,Europe,42,No,Middle Aged
12234,Married,Male,10000,2,Partial College,Manual,Yes,1,2-5 Miles,Europe,52,No,Old Aged
28683,Single,Female,10000,1,High School,Manual,No,1,5-10 Miles,Europe,35,Yes,Middle Aged
17994,Single,Male,20000,2,High School,Manual,Yes,2,0-1 Miles,Europe,42,No,Middle Aged
24273,Married,Female,20000,2,Partial High School,Clerical,Yes,2,5-10 Miles,Pacific,55,Yes,Old Aged
26547,Single,Female,30000,2,Partial College,Clerical,No,2,5-10 Miles,Pacific,60,Yes,Old Aged
22500,Single,Male,40000,0,Bachelors,Professional,No,0,0-1 Miles,Europe,40,Yes,Middle Aged
23993,Single,Female,10000,0,Partial College,Manual,No,1,0-1 Miles,Pacific,26,Yes,Young
14832,Married,Male,40000,1,Bachelors,Skilled Manual,Yes,0,0-1 Miles,Europe,42,Yes,Middle Aged
16614,Married,Female,80000,0,Bachelors,Professional,Yes,3,10+ Miles,Pacific,32,No,Middle Aged
20877,Single,Male,30000,1,Bachelors,Clerical,Yes,0,1-2 Miles,Europe,37,Yes,Middle Aged
20729,Married,Female,40000,2,Partial College,Clerical,No,1,0-1 Miles,Europe,34,No,Middle Aged
22464,Married,Male,40000,0,Graduate Degree,Clerical,Yes,0,0-1 Miles,Europe,37,Yes,Middle Aged
19475,Married,Female,40000,0,Bachelors,Professional,No,0,0-1 Miles,Europe,40,Yes,Middle Aged
19675,Married,Male,20000,4,High School,Skilled Manual,Yes,2,5-10 Miles,Pacific,60,No,Old Aged
12728,Single,Male,30000,0,Partial College,Clerical,No,1,1-2 Miles,Europe,27,No,Young
26154,Married,Male,60000,1,Partial College,Skilled Manual,Yes,1,5-10 Miles,Pacific,43,Yes,Middle Aged
29117,Single,Male,100000,1,Bachelors,Management,No,3,0-1 Miles,Pacific,48,No,Middle Aged
17845,Single,Female,20000,0,Partial High School,Manual,No,2,1-2 Miles,Europe,32,No,Middle Aged
25058,Married,Male,100000,1,Bachelors,Management,Yes,3,2-5 Miles,Pacific,47,No,Middle Aged
23426,Single,Male,80000,5,Graduate Degree,Management,Yes,3,0-1 Miles,Pacific,40,No,Middle Aged
14798,Single,Female,10000,4,Partial High School,Manual,Yes,2,0-1 Miles,Europe,41,Yes,Middle Aged
12664,Married,Female,130000,5,Partial College,Professional,Yes,4,0-1 Miles,Europe,59,No,Old Aged
23979,Single,Male,10000,2,Partial College,Manual,No,0,0-1 Miles,Europe,50,No,Middle Aged
25605,Single,Female,20000,2,Partial College,Manual,No,1,0-1 Miles,Europe,54,Yes,Old Aged
20797,Married,Female,10000,1,Bachelors,Manual,Yes,0,0-1 Miles,Europe,48,No,Middle Aged
21980,Single,Female,60000,1,Bachelors,Professional,Yes,1,5-10 Miles,Pacific,44,Yes,Middle Aged
25460,Married,Female,20000,2,High School,Manual,Yes,0,0-1 Miles,Europe,40,Yes,Middle Aged
29181,Single,Female,60000,2,Bachelors,Professional,No,1,0-1 Miles,Pacific,38,Yes,Middle Aged
24279,Single,Male,40000,2,Partial College,Skilled Manual,No,2,1-2 Miles,Pacific,52,No,Old Aged
22402,Married,Male,10000,0,Partial College,Manual,Yes,1,2-5 Miles,Pacific,25,Yes,Young
15465,Married,Female,10000,0,Partial College,Manual,No,1,0-1 Miles,Pacific,25,No,Young
26757,Single,Male,90000,1,Bachelors,Professional,Yes,1,2-5 Miles,Pacific,47,Yes,Middle Aged
14233,Single,Male,100000,0,High School,Management,Yes,3,10+ Miles,Pacific,35,No,Middle Aged
14058,Single,Male,70000,0,Bachelors,Professional,No,1,5-10 Miles,Pacific,41,Yes,Middle Aged
12273,Married,Male,30000,1,Bachelors,Clerical,Yes,0,0-1 Miles,Europe,47,No,Middle Aged
17203,Married,Female,130000,4,Partial College,Professional,Yes,4,5-10 Miles,Europe,61,Yes,Old Aged
18144,Married,Female,80000,5,Bachelors,Management,Yes,2,2-5 Miles,Europe,61,No,Old Aged
23963,Married,Male,10000,0,Partial High School,Manual,No,2,0-1 Miles,Europe,33,No,Middle Aged
17907,Married,Female,10000,0,Partial College,Manual,Yes,1,2-5 Miles,Pacific,27,No,Young
19442,Single,Male,50000,0,Graduate Degree,Skilled Manual,Yes,0,0-1 Miles,Europe,37,Yes,Middle Aged
17504,Single,Female,80000,2,Partial College,Skilled Manual,Yes,2,5-10 Miles,Pacific,52,Yes,Old Aged
12253,Single,Female,20000,0,Partial College,Manual,Yes,0,0-1 Miles,Pacific,29,Yes,Young
27304,Single,Female,110000,2,Partial College,Professional,No,3,5-10 Miles,Europe,48,No,Middle Aged
14191,Married,Male,160000,4,Partial College,Professional,No,2,10+ Miles,Europe,55,Yes,Old Aged
12212,Married,Female,10000,0,Graduate Degree,Manual,Yes,0,0-1 Miles,Europe,37,Yes,Middle Aged
25529,Single,Male,10000,1,Graduate Degree,Manual,Yes,0,0-1 Miles,Europe,44,No,Middle Aged
22170,Married,Female,30000,3,Partial College,Clerical,No,2,1-2 Miles,Pacific,55,Yes,Old Aged
19445,Married,Female,10000,2,High School,Manual,No,1,0-1 Miles,Europe,38,No,Middle Aged
15265,Single,Male,40000,2,Bachelors,Management,Yes,2,5-10 Miles,Pacific,66,Yes,Old Aged
28918,Married,Female,130000,4,High School,Management,No,4,10+ Miles,Europe,58,No,Old Aged
15799,Married,Female,90000,1,Bachelors,Professional,Yes,1,2-5 Miles,Pacific,47,Yes,Middle Aged
11047,Married,Female,30000,3,High School,Skilled Manual,No,2,1-2 Miles,Pacific,56,Yes,Old Aged
18151,Single,Male,80000,5,Partial College,Professional,No,2,10+ Miles,Europe,59,No,Old Aged
20606,Married,Female,70000,0,Bachelors,Professional,Yes,4,10+ Miles,Pacific,32,Yes,Middle Aged
19482,Married,Male,30000,1,Partial College,Clerical,Yes,1,0-1 Miles,Europe,44,Yes,Middle Aged
16489,Married,Male,30000,3,High School,Skilled Manual,Yes,2,5-10 Miles,Pacific,55,No,Old Aged
26944,Single,Male,56268,2,High School,Manual,Yes,0,0-1 Miles,Europe,36,Yes,Middle Aged
15682,Single,Female,80000,5,Bachelors,Management,Yes,2,10+ Miles,Europe,62,No,Old Aged
26032,Married,Female,70000,5,Bachelors,Professional,Yes,4,10+ Miles,Pacific,41,No,Middle Aged
17843,Single,Female,10000,0,Partial High School,Manual,No,2,0-1 Miles,Europe,32,No,Middle Aged
25559,Single,Male,20000,0,Bachelors,Clerical,Yes,0,0-1 Miles,Pacific,25,Yes,Young
16209,Single,Female,50000,0,Graduate Degree,Skilled Manual,Yes,1,1-2 Miles,Europe,36,No,Middle Aged
11147,Married,Male,60000,2,Graduate Degree,Management,Yes,1,0-1 Miles,Pacific,67,Yes,Old Aged
15214,Single,Female,100000,0,Graduate Degree,Management,No,1,1-2 Miles,Pacific,39,Yes,Middle Aged
11453,Single,Male,80000,0,Bachelors,Professional,No,3,10+ Miles,Pacific,33,Yes,Middle Aged
24584,Single,Male,60000,0,Bachelors,Professional,No,3,2-5 Miles,Pacific,31,No,Middle Aged
12585,Married,Male,10000,1,High School,Manual,Yes,0,2-5 Miles,Pacific,27,Yes,Young
18626,Single,Male,40000,2,Partial College,Clerical,Yes,1,1-2 Miles,Europe,33,Yes,Middle Aged
29298,Single,Female,60000,1,Partial College,Skilled Manual,Yes,1,5-10 Miles,Pacific,46,Yes,Middle Aged
24842,Single,Female,90000,3,High School,Professional,No,1,2-5 Miles,Europe,51,No,Old Aged
15657,Married,Male,30000,3,Graduate Degree,Clerical,Yes,0,0-1 Miles,Europe,46,Yes,Middle Aged
11415,Single,Male,90000,5,Partial College,Professional,No,2,10+ Miles,Europe,62,No,Old Aged
28729,Single,Female,20000,0,Partial High School,Manual,Yes,2,1-2 Miles,Europe,26,Yes,Young
22633,Single,Female,40000,0,Graduate Degree,Clerical,Yes,0,0-1 Miles,Europe,37,Yes,Middle Aged
25649,Single,Female,30000,3,Partial College,Clerical,Yes,0,0-1 Miles,Europe,42,Yes,Middle Aged
14669,Married,Female,80000,4,Graduate Degree,Management,Yes,1,0-1 Miles,Pacific,36,No,Middle Aged
19299,Married,Female,50000,0,Graduate Degree,Skilled Manual,Yes,0,0-1 Miles,Europe,36,Yes,Middle Aged
20946,Single,Female,30000,0,Partial College,Clerical,No,1,2-5 Miles,Europe,30,No,Young
11451,Single,Male,70000,0,Bachelors,Professional,No,4,10+ Miles,Pacific,31,Yes,Middle Aged
25553,Married,Male,30000,1,Bachelors,Clerical,Yes,0,0-1 Miles,Europe,65,Yes,Old Aged
27951,Single,Male,80000,4,Partial College,Professional,No,2,2-5 Miles,Europe,54,Yes,Old Aged
25026,Married,Male,20000,2,Partial High School,Clerical,Yes,3,5-10 Miles,Pacific,54,No,Old Aged
13673,Single,Female,20000,2,Partial High School,Manual,No,2,0-1 Miles,Europe,25,No,Young
16043,Single,Male,10000,1,Bachelors,Manual,Yes,0,0-1 Miles,Europe,48,No,Middle Aged
22399,Single,Male,10000,0,Partial College,Manual,Yes,1,1-2 Miles,Pacific,26,Yes,Young
27696,Married,Male,60000,1,Bachelors,Professional,Yes,1,5-10 Miles,Pacific,43,Yes,Middle Aged
25313,Single,Male,10000,0,Partial High School,Manual,No,2,1-2 Miles,Europe,35,No,Middle Aged
13813,Married,Female,30000,3,Partial College,Clerical,No,0,0-1 Miles,Europe,42,No,Middle Aged
18711,Single,Female,70000,5,Bachelors,Professional,Yes,4,10+ Miles,Pacific,39,No,Middle Aged
19650,Married,Female,30000,2,Partial College,Clerical,No,2,0-1 Miles,Pacific,67,No,Old Aged
14135,Married,Male,20000,1,Partial College,Manual,Yes,0,1-2 Miles,Europe,44,No,Middle Aged
12833,Single,Female,20000,3,High School,Manual,Yes,1,0-1 Miles,Europe,42,Yes,Middle Aged
26849,Married,Male,10000,3,Partial High School,Manual,Yes,2,0-1 Miles,Europe,43,No,Middle Aged
20962,Married,Female,20000,1,Graduate Degree,Clerical,Yes,0,0-1 Miles,Europe,45,No,Middle Aged
28915,Single,Male,80000,5,High School,Management,Yes,3,10+ Miles,Europe,57,No,Old Aged
22830,Married,Male,120000,4,Partial College,Management,Yes,3,10+ Miles,Europe,56,No,Old Aged
14777,Married,Female,40000,0,Bachelors,Clerical,Yes,0,0-1 Miles,Europe,38,Yes,Middle Aged
12591,Married,Female,30000,4,Graduate Degree,Clerical,Yes,0,0-1 Miles,Europe,45,No,Middle Aged
24174,Married,Male,20000,0,Bachelors,Clerical,Yes,0,0-1 Miles,Pacific,27,Yes,Young
24611,Married,Male,90000,0,Bachelors,Professional,No,4,10+ Miles,Pacific,35,Yes,Middle Aged
11340,Married,Female,10000,1,Graduate Degree,Clerical,Yes,0,0-1 Miles,Europe,70,Yes,Old Aged
25693,Single,Female,30000,5,Graduate Degree,Clerical,Yes,0,0-1 Miles,Europe,44,Yes,Middle Aged
25555,Married,Female,10000,0,Partial College,Manual,No,1,0-1 Miles,Pacific,26,Yes,Young
22006,Married,Male,70000,5,Partial College,Skilled Manual,Yes,3,5-10 Miles,Pacific,46,No,Middle Aged
20060,Single,Female,30000,0,High School,Manual,No,1,2-5 Miles,Europe,34,Yes,Middle Aged
17702,Married,Male,10000,1,Graduate Degree,Manual,Yes,0,0-1 Miles,Europe,37,No,Middle Aged
12503,Single,Female,30000,3,Partial College,Clerical,Yes,2,0-1 Miles,Europe,27,No,Young
23908,Single,Male,30000,1,Bachelors,Clerical,No,1,0-1 Miles,Europe,39,Yes,Middle Aged
22527,Single,Female,20000,0,High School,Manual,No,1,2-5 Miles,Europe,29,No,Young
19057,Married,Female,120000,3,Bachelors,Management,No,2,10+ Miles,Europe,52,Yes,Old Aged
18494,Married,Male,110000,5,Bachelors,Management,Yes,4,2-5 Miles,Pacific,48,Yes,Middle Aged
11249,Married,Female,130000,3,Partial College,Professional,Yes,3,0-1 Miles,Europe,51,Yes,Old Aged
21568,Married,Female,100000,0,High School,Management,Yes,4,10+ Miles,Pacific,34,Yes,Middle Aged
13981,Married,Female,10000,5,High School,Skilled Manual,No,3,1-2 Miles,Pacific,62,No,Old Aged
23432,Single,Male,70000,0,Bachelors,Professional,Yes,1,5-10 Miles,Pacific,37,Yes,Middle Aged
22931,Married,Male,100000,5,Graduate Degree,Management,No,1,1-2 Miles,Pacific,78,Yes,Old Aged
18172,Married,Male,130000,4,High School,Professional,Yes,3,0-1 Miles,Europe,55,No,Old Aged
12666,Single,Male,60000,0,Bachelors,Professional,No,4,2-5 Miles,Pacific,31,No,Middle Aged
20598,Married,Male,100000,3,Partial High School,Professional,Yes,0,10+ Miles,Europe,59,Yes,Old Aged
21375,Single,Male,20000,2,Partial High School,Clerical,Yes,2,5-10 Miles,Pacific,57,No,Old Aged
20839,Single,Female,30000,3,Graduate Degree,Clerical,Yes,0,0-1 Miles,Europe,47,Yes,Middle Aged
21738,Married,Male,20000,1,Graduate Degree,Clerical,Yes,0,0-1 Miles,Europe,43,No,Middle Aged
14164,Single,Female,50000,0,Graduate Degree,Skilled Manual,Yes,0,0-1 Miles,Europe,36,Yes,Middle Aged
14193,Single,Female,100000,3,Partial College,Management,Yes,4,10+ Miles,Europe,56,No,Old Aged
12705,Married,Male,150000,0,Bachelors,Management,Yes,4,0-1 Miles,Pacific,37,Yes,Middle Aged
22672,Single,Female,30000,2,Partial College,Clerical,Yes,0,0-1 Miles,Europe,43,No,Middle Aged
26219,Married,Female,40000,1,Bachelors,Skilled Manual,Yes,1,1-2 Miles,Europe,33,Yes,Middle Aged
28468,Married,Female,10000,2,Partial College,Manual,Yes,0,1-2 Miles,Europe,51,No,Old Aged
23419,Single,Female,70000,5,Bachelors,Professional,Yes,3,10+ Miles,Pacific,39,No,Middle Aged
17964,Married,Male,40000,0,Graduate Degree,Clerical,Yes,0,0-1 Miles,Europe,37,Yes,Middle Aged
20919,Single,Female,30000,2,Partial College,Clerical,Yes,2,0-1 Miles,Europe,42,No,Middle Aged
20927,Single,Female,20000,5,High School,Manual,Yes,2,0-1 Miles,Europe,27,No,Young
13133,Single,Male,100000,5,Bachelors,Professional,Yes,1,5-10 Miles,Pacific,47,Yes,Middle Aged
19626,Married,Male,70000,5,Partial College,Skilled Manual,Yes,3,5-10 Miles,Pacific,45,No,Middle Aged
21039,Single,Female,50000,0,Graduate Degree,Skilled Manual,No,0,0-1 Miles,Europe,37,Yes,Middle Aged
12231,Single,Female,10000,2,Partial College,Manual,Yes,0,0-1 Miles,Europe,51,Yes,Old Aged
25665,Single,Female,20000,0,High School,Manual,No,1,1-2 Miles,Europe,28,No,Young
24061,Married,Male,10000,4,Partial High School,Manual,Yes,1,0-1 Miles,Europe,40,Yes,Middle Aged
26879,Single,Female,20000,0,High School,Manual,No,1,2-5 Miles,Europe,30,No,Young
12284,Married,Female,30000,0,Bachelors,Clerical,No,0,0-1 Miles,Europe,36,Yes,Middle Aged
26654,Married,Female,90000,1,Graduate Degree,Management,Yes,0,0-1 Miles,Pacific,37,Yes,Middle Aged
14545,Married,Female,10000,2,Partial College,Manual,Yes,0,1-2 Miles,Europe,49,No,Middle Aged
24201,Married,Female,10000,2,High School,Manual,Yes,0,0-1 Miles,Europe,37,Yes,Middle Aged
20625,Married,Male,100000,0,High School,Management,Yes,3,10+ Miles,Pacific,35,Yes,Middle Aged
16390,Single,Male,30000,1,Bachelors,Clerical,No,0,0-1 Miles,Europe,38,Yes,Middle Aged
14804,Single,Female,10000,3,Partial High School,Manual,Yes,2,0-1 Miles,Europe,43,No,Middle Aged
12629,Single,Male,20000,1,Partial College,Manual,No,0,0-1 Miles,Europe,37,No,Middle Aged
14696,Single,Male,10000,0,Partial High School,Manual,No,2,0-1 Miles,Europe,34,No,Middle Aged
22005,Married,Female,70000,5,Partial College,Skilled Manual,No,3,5-10 Miles,Pacific,46,No,Middle Aged
14544,Single,Male,10000,1,Partial College,Manual,Yes,0,0-1 Miles,Europe,49,No,Middle Aged
14312,Married,Female,60000,1,Partial College,Skilled Manual,Yes,1,5-10 Miles,Pacific,45,No,Middle Aged
29120,Single,Female,100000,1,Bachelors,Management,Yes,4,2-5 Miles,Pacific,48,No,Middle Aged
24187,Single,Female,30000,3,Graduate Degree,Clerical,No,0,0-1 Miles,Europe,46,Yes,Middle Aged
15758,Married,Male,130000,0,Graduate Degree,Management,Yes,0,5-10 Miles,Pacific,48,No,Middle Aged
29094,Married,Male,30000,3,High School,Skilled Manual,Yes,2,5-10 Miles,Pacific,54,Yes,Old Aged
28319,Single,Female,60000,1,Partial College,Skilled Manual,No,1,0-1 Miles,Pacific,46,Yes,Middle Aged
16406,Married,Male,40000,0,Bachelors,Clerical,No,0,0-1 Miles,Europe,38,Yes,Middle Aged
20923,Married,Female,40000,1,Bachelors,Skilled Manual,Yes,0,0-1 Miles,Europe,42,Yes,Middle Aged
11378,Single,Female,10000,1,High School,Manual,No,1,2-5 Miles,Europe,46,Yes,Middle Aged
20851,Single,Male,20000,0,Partial College,Manual,No,1,2-5 Miles,Europe,36,Yes,Middle Aged
21557,Single,Female,110000,0,Partial College,Management,Yes,3,10+ Miles,Pacific,32,Yes,Middle Aged
26663,Single,Female,60000,2,Bachelors,Professional,No,1,0-1 Miles,Pacific,39,Yes,Middle Aged
11896,Married,Male,100000,1,Graduate Degree,Management,Yes,0,2-5 Miles,Pacific,36,Yes,Middle Aged
14189,Married,Female,90000,4,High School,Professional,No,2,2-5 Miles,Europe,54,Yes,Old Aged
13136,Married,Female,30000,2,Partial College,Clerical,No,2,5-10 Miles,Pacific,69,No,Old Aged
25906,Single,Female,10000,5,High School,Skilled Manual,No,2,1-2 Miles,Pacific,62,No,Old Aged
17926,Married,Female,56268,0,Bachelors,Clerical,No,0,0-1 Miles,Pacific,28,Yes,Young
26928,Single,Male,30000,1,Bachelors,Clerical,Yes,0,0-1 Miles,Europe,62,Yes,Old Aged
20897,Married,Female,30000,1,Bachelors,Skilled Manual,Yes,2,0-1 Miles,Europe,40,No,Middle Aged
28207,Married,Male,80000,4,Graduate Degree,Management,Yes,1,0-1 Miles,Pacific,36,Yes,Middle Aged
25923,Single,Male,10000,2,Partial High School,Clerical,Yes,2,5-10 Miles,Pacific,58,No,Old Aged
11000,Married,Male,90000,2,Bachelors,Professional,Yes,0,1-2 Miles,Pacific,40,Yes,Middle Aged
20974,Married,Male,10000,2,Bachelors,Clerical,Yes,1,0-1 Miles,Europe,66,No,Old Aged
28758,Married,Male,40000,2,Partial College,Clerical,Yes,1,1-2 Miles,Europe,35,Yes,Middle Aged
11381,Married,Female,20000,2,Partial College,Manual,Yes,1,2-5 Miles,Europe,47,Yes,Middle Aged
17522,Married,Male,120000,4,Bachelors,Management,Yes,1,2-5 Miles,Pacific,47,No,Middle Aged
21207,Married,Male,60000,1,Partial College,Skilled Manual,Yes,1,5-10 Miles,Pacific,46,No,Middle Aged
28102,Married,Male,20000,4,High School,Skilled Manual,Yes,2,5-10 Miles,Pacific,58,Yes,Old Aged
23105,Single,Male,40000,3,Partial High School,Clerical,No,2,5-10 Miles,Pacific,52,Yes,Old Aged
18740,Married,Male,80000,5,Bachelors,Professional,No,1,0-1 Miles,Pacific,47,Yes,Middle Aged
21213,Single,Male,70000,0,Bachelors,Professional,No,1,5-10 Miles,Pacific,41,No,Middle Aged
17352,Married,Male,50000,2,Graduate Degree,Management,Yes,1,5-10 Miles,Pacific,64,Yes,Old Aged
14154,Married,Male,30000,0,Bachelors,Clerical,Yes,0,0-1 Miles,Europe,35,Yes,Middle Aged
19066,Married,Male,130000,4,Partial College,Professional,No,3,10+ Miles,Europe,54,No,Old Aged
11386,Married,Female,30000,3,Bachelors,Clerical,Yes,0,0-1 Miles,Europe,45,No,Middle Aged
20228,Married,Male,100000,0,Graduate Degree,Management,Yes,0,2-5 Miles,Pacific,40,Yes,Middle Aged
16675,Single,Female,160000,0,Graduate Degree,Management,No,3,0-1 Miles,Pacific,47,Yes,Middle Aged
16410,Single,Female,10000,4,Partial High School,Manual,Yes,2,0-1 Miles,Europe,41,Yes,Middle Aged
27760,Single,Female,40000,0,Graduate Degree,Clerical,No,0,0-1 Miles,Europe,37,Yes,Middle Aged
22930,Married,Male,90000,4,Bachelors,Professional,Yes,0,1-2 Miles,Pacific,38,Yes,Middle Aged
23780,Single,Male,40000,2,Partial College,Clerical,No,2,0-1 Miles,Europe,36,Yes,Middle Aged
20994,Married,Female,20000,0,Bachelors,Clerical,No,0,0-1 Miles,Pacific,26,Yes,Young
28379,Married,Male,30000,1,Bachelors,Skilled Manual,Yes,2,0-1 Miles,Europe,40,No,Middle Aged
14865,Single,Male,40000,2,Partial College,Clerical,Yes,2,1-2 Miles,Europe,36,No,Middle Aged
12663,Married,Female,90000,5,Partial High School,Skilled Manual,Yes,2,10+ Miles,Europe,59,No,Old Aged
24898,Single,Female,80000,0,Bachelors,Professional,Yes,3,10+ Miles,Pacific,32,No,Middle Aged
19508,Married,Male,10000,0,Partial High School,Manual,No,2,0-1 Miles,Europe,30,No,Young
11489,Single,Female,20000,0,Partial High School,Manual,No,2,1-2 Miles,Europe,35,Yes,Middle Aged
18160,Married,Male,130000,3,High School,Professional,Yes,4,5-10 Miles,Europe,51,Yes,Old Aged
25241,Married,Male,90000,2,Bachelors,Professional,Yes,1,5-10 Miles,Pacific,47,No,Middle Aged
24369,Married,Male,80000,5,Graduate Degree,Management,No,2,0-1 Miles,Pacific,39,No,Middle Aged
27165,Single,Male,20000,0,Partial High School,Manual,No,2,0-1 Miles,Europe,34,No,Middle Aged
29424,Married,Male,10000,0,Partial High School,Manual,Yes,2,0-1 Miles,Europe,32,No,Middle Aged
15926,Single,Female,120000,3,High School,Professional,Yes,4,5-10 Miles,Europe,50,Yes,Middle Aged
14554,Married,Male,20000,1,Bachelors,Clerical,Yes,0,0-1 Miles,Europe,66,No,Old Aged
16468,Single,Male,30000,0,Partial College,Clerical,Yes,1,2-5 Miles,Europe,30,No,Young
19174,Single,Female,30000,0,High School,Manual,No,1,2-5 Miles,Europe,32,Yes,Middle Aged
19183,Single,Male,10000,0,Partial High School,Manual,Yes,2,1-2 Miles,Europe,35,No,Middle Aged
13683,Single,Female,30000,0,High School,Manual,No,1,2-5 Miles,Europe,32,No,Middle Aged
17848,Single,Male,30000,0,Partial College,Clerical,No,1,2-5 Miles,Europe,31,Yes,Middle Aged
17894,Married,Female,20000,1,Bachelors,Clerical,Yes,0,0-1 Miles,Europe,50,Yes,Middle Aged
25651,Married,Male,40000,1,Bachelors,Skilled Manual,No,0,0-1 Miles,Europe,43,Yes,Middle Aged
22936,Single,Female,60000,1,Partial College,Skilled Manual,No,1,0-1 Miles,Pacific,45,Yes,Middle Aged
23915,Married,Male,20000,2,High School,Manual,Yes,2,0-1 Miles,Europe,42,No,Middle Aged
24121,Single,Female,30000,0,Partial College,Clerical,No,1,0-1 Miles,Europe,29,Yes,Young
27878,Single,Male,20000,0,Partial College,Manual,No,0,0-1 Miles,Pacific,28,Yes,Young
13572,Single,Male,10000,3,High School,Manual,Yes,1,0-1 Miles,Europe,37,Yes,Middle Aged
27941,Married,Female,80000,4,Partial College,Professional,Yes,2,2-5 Miles,Europe,53,No,Old Aged
26354,Single,Male,40000,0,Graduate Degree,Clerical,No,0,0-1 Miles,Europe,38,Yes,Middle Aged
14785,Single,Male,30000,1,Bachelors,Clerical,No,1,1-2 Miles,Europe,39,No,Middle Aged
17238,Single,Male,80000,0,Bachelors,Professional,Yes,3,10+ Miles,Pacific,32,No,Middle Aged
23608,Married,Female,150000,3,High School,Professional,Yes,3,0-1 Miles,Europe,51,Yes,Old Aged
22538,Single,Female,10000,0,Partial High School,Manual,Yes,2,1-2 Miles,Europe,33,No,Middle Aged
12332,Married,Male,90000,4,High School,Management,Yes,3,5-10 Miles,Europe,58,Yes,Old Aged
17230,Married,Male,80000,0,Bachelors,Professional,Yes,3,10+ Miles,Pacific,30,No,Young
13082,Single,Male,130000,0,Graduate Degree,Management,Yes,0,2-5 Miles,Pacific,48,Yes,Middle Aged
22518,Single,Female,30000,3,Partial College,Clerical,No,2,0-1 Miles,Europe,27,Yes,Young
13687,Married,Male,40000,1,Bachelors,Skilled Manual,Yes,1,0-1 Miles,Europe,33,Yes,Middle Aged
23571,Married,Female,40000,2,Bachelors,Management,Yes,2,0-1 Miles,Pacific,66,Yes,Old Aged
19305,Single,Female,10000,2,High School,Manual,Yes,1,0-1 Miles,Europe,38,Yes,Middle Aged
22636,Single,Female,40000,0,Bachelors,Clerical,,0,0-1 Miles,Europe,38,Yes,Middle Aged
17310,Married,Male,60000,1,Partial College,Skilled Manual,Yes,1,0-1 Miles,Pacific,45,Yes,Middle Aged
12133,Married,Female,130000,3,Partial College,Professional,Yes,3,5-10 Miles,Europe,50,Yes,Middle Aged
25918,Single,Female,30000,2,Partial College,Clerical,No,2,5-10 Miles,Pacific,60,Yes,Old Aged
25752,Single,Female,20000,2,Partial College,Manual,No,1,0-1 Miles,Europe,53,Yes,Old Aged
17324,Married,Female,100000,4,Bachelors,Professional,Yes,1,10+ Miles,Pacific,46,No,Middle Aged
22918,Single,Male,80000,5,Graduate Degree,Management,Yes,3,0-1 Miles,Pacific,44,No,Middle Aged
12510,Married,Male,40000,1,Bachelors,Skilled Manual,Yes,1,0-1 Miles,Europe,43,Yes,Middle Aged
25512,Single,Male,20000,0,High School,Manual,No,1,2-5 Miles,Europe,30,No,Young
16179,Single,Female,80000,5,Bachelors,Professional,Yes,4,1-2 Miles,Pacific,38,No,Middle Aged
15628,Married,Female,40000,1,Bachelors,Skilled Manual,Yes,1,0-1 Miles,Europe,89,No,Old Aged
20977,Married,Male,20000,1,Bachelors,Clerical,Yes,0,0-1 Miles,Europe,64,Yes,Old Aged
18140,Married,Male,130000,3,Partial College,Professional,No,3,5-10 Miles,Europe,51,Yes,Old Aged
20417,Married,Male,30000,3,Partial College,Clerical,No,2,5-10 Miles,Pacific,56,No,Old Aged
18267,Married,Male,60000,3,Bachelors,Professional,Yes,2,5-10 Miles,Pacific,43,No,Middle Aged
13620,Single,Male,70000,0,Bachelors,Professional,No,3,10+ Miles,Pacific,30,Yes,Young
22974,Married,Female,30000,2,Partial College,Clerical,Yes,2,5-10 Miles,Pacific,69,No,Old Aged
13586,Married,Male,80000,4,Partial College,Professional,Yes,2,10+ Miles,Europe,53,No,Old Aged
17978,Married,Male,40000,0,Graduate Degree,Clerical,Yes,0,0-1 Miles,Europe,37,Yes,Middle Aged
12581,Single,Female,10000,0,Partial College,Manual,No,1,0-1 Miles,Pacific,28,Yes,Young
18018,Single,Male,30000,3,Partial College,Clerical,Yes,0,0-1 Miles,Europe,43,No,Middle Aged
28957,Single,Female,120000,2,Partial High School,Professional,Yes,4,10+ Miles,Pacific,34,Yes,Middle Aged
13690,Single,Female,20000,0,Partial High School,Manual,No,2,1-2 Miles,Europe,34,Yes,Middle Aged
12568,Married,Female,30000,1,Bachelors,Clerical,Yes,0,0-1 Miles,Europe,64,No,Old Aged
13122,Married,Female,80000,0,Bachelors,Professional,Yes,1,1-2 Miles,Pacific,41,Yes,Middle Aged
21184,Single,Male,70000,0,Bachelors,Professional,No,1,5-10 Miles,Pacific,38,No,Middle Aged
26150,Single,Female,70000,0,Bachelors,Professional,No,1,0-1 Miles,Pacific,41,Yes,Middle Aged
24151,Single,Male,20000,1,Bachelors,Clerical,No,0,0-1 Miles,Europe,51,No,Old Aged
23962,Married,Female,10000,0,Partial High School,Manual,Yes,2,1-2 Miles,Europe,32,No,Middle Aged
17793,Married,Female,40000,0,Bachelors,Clerical,Yes,0,0-1 Miles,Europe,38,Yes,Middle Aged
14926,Married,Male,30000,1,Bachelors,Clerical,Yes,0,0-1 Miles,Europe,38,Yes,Middle Aged
16163,Single,Male,60000,2,Bachelors,Professional,Yes,1,2-5 Miles,Pacific,38,Yes,Middle Aged
21365,Married,Female,10000,2,Partial High School,Clerical,Yes,2,5-10 Miles,Pacific,58,No,Old Aged
27771,Single,Male,30000,1,Bachelors,Clerical,Yes,1,1-2 Miles,Europe,39,Yes,Middle Aged
26167,Single,Female,40000,2,Bachelors,Management,No,1,5-10 Miles,Pacific,53,Yes,Old Aged
25792,Single,Female,110000,3,Bachelors,Management,Yes,4,10+ Miles,Europe,53,No,Old Aged
11555,Married,Female,40000,1,Bachelors,Clerical,Yes,0,0-1 Miles,Europe,80,No,Old Aged
22381,Married,Male,10000,1,Graduate Degree,Manual,Yes,0,0-1 Miles,Europe,44,No,Middle Aged
17882,Married,Male,20000,1,Graduate Degree,Clerical,Yes,0,0-1 Miles,Europe,44,No,Middle Aged
22174,Married,Male,30000,3,High School,Skilled Manual,Yes,2,5-10 Miles,Pacific,54,Yes,Old Aged
22439,Married,Female,30000,0,Bachelors,Clerical,Yes,0,0-1 Miles,Europe,37,Yes,Middle Aged
18012,Married,Female,40000,1,Bachelors,Skilled Manual,Yes,0,0-1 Miles,Europe,41,No,Middle Aged
27582,Single,Female,90000,2,Bachelors,Professional,No,0,0-1 Miles,Pacific,36,Yes,Middle Aged
12744,Single,Female,40000,2,Partial College,Clerical,Yes,0,0-1 Miles,Europe,33,No,Middle Aged
22821,Married,Female,130000,3,Partial College,Professional,Yes,4,0-1 Miles,Europe,52,No,Old Aged
20171,Married,Female,20000,2,Partial College,Manual,Yes,1,0-1 Miles,Europe,46,Yes,Middle Aged
11116,Married,Male,70000,5,Partial College,Skilled Manual,Yes,2,5-10 Miles,Pacific,43,No,Middle Aged
20053,Single,Male,40000,2,Partial College,Clerical,Yes,0,0-1 Miles,Europe,34,No,Middle Aged
25266,Single,Female,30000,2,Partial College,Clerical,No,2,5-10 Miles,Pacific,67,No,Old Aged
17960,Married,Female,40000,0,Graduate Degree,Clerical,Yes,0,0-1 Miles,Europe,35,Yes,Middle Aged
13961,Married,Female,80000,5,Graduate Degree,Management,Yes,3,0-1 Miles,Pacific,40,No,Middle Aged
11897,Single,Male,60000,2,Bachelors,Professional,No,1,0-1 Miles,Pacific,37,Yes,Middle Aged
11139,Single,Female,30000,2,Partial College,Clerical,No,2,5-10 Miles,Pacific,67,No,Old Aged
11576,Married,Male,30000,1,Bachelors,Skilled Manual,Yes,2,0-1 Miles,Europe,41,Yes,Middle Aged
19255,Single,Male,10000,2,Partial College,Manual,Yes,1,0-1 Miles,Europe,51,Yes,Old Aged
18153,Married,Female,100000,2,Bachelors,Management,Yes,4,10+ Miles,Europe,59,No,Old Aged
14547,Married,Male,10000,2,Partial College,Manual,Yes,0,1-2 Miles,Europe,51,No,Old Aged
24901,Single,Male,110000,0,Partial College,Management,No,3,10+ Miles,Pacific,32,Yes,Middle Aged
27169,Single,Male,30000,0,High School,Manual,Yes,1,2-5 Miles,Europe,34,Yes,Middle Aged
14805,Single,Female,10000,3,Partial High School,Manual,Yes,2,0-1 Miles,Europe,43,No,Middle Aged
15822,Married,Male,40000,2,Bachelors,Management,Yes,2,0-1 Miles,Pacific,67,No,Old Aged
19389,Single,Male,30000,0,Partial College,Clerical,No,1,2-5 Miles,Europe,28,No,Young
17048,Single,Female,90000,1,Graduate Degree,Management,Yes,0,0-1 Miles,Pacific,36,Yes,Middle Aged
22204,Married,Male,110000,4,Bachelors,Management,Yes,3,2-5 Miles,Pacific,48,No,Middle Aged
12718,Single,Female,30000,0,Partial College,Clerical,Yes,1,2-5 Miles,Europe,31,No,Middle Aged
15019,Single,Female,30000,3,High School,Skilled Manual,Yes,2,5-10 Miles,Pacific,55,No,Old Aged
28488,Single,Male,20000,0,Partial College,Manual,Yes,0,0-1 Miles,Pacific,28,Yes,Young
21891,Married,Female,110000,0,High School,Management,Yes,3,10+ Miles,Pacific,34,Yes,Middle Aged
27814,Single,Female,30000,3,Partial College,Clerical,No,1,0-1 Miles,Europe,26,No,Young
22175,Married,Female,30000,3,High School,Skilled Manual,Yes,2,5-10 Miles,Pacific,53,Yes,Old Aged
29447,Single,Female,10000,2,Bachelors,Clerical,No,1,2-5 Miles,Europe,68,No,Old Aged
19784,Married,Female,80000,2,High School,Skilled Manual,Yes,2,5-10 Miles,Pacific,50,Yes,Middle Aged
27824,Single,Female,30000,3,Partial College,Clerical,Yes,2,0-1 Miles,Europe,28,Yes,Young
24093,Single,Female,80000,0,Graduate Degree,Skilled Manual,No,0,0-1 Miles,Europe,40,Yes,Middle Aged
19618,Married,Male,70000,5,Partial College,Skilled Manual,Yes,2,0-1 Miles,Pacific,44,No,Middle Aged
21561,Single,Male,90000,0,Bachelors,Professional,No,3,10+ Miles,Pacific,34,Yes,Middle Aged
11061,Married,Male,56268,2,Partial College,Skilled Manual,Yes,2,5-10 Miles,Pacific,52,Yes,Old Aged
26651,Single,Male,80000,4,Graduate Degree,Management,Yes,0,0-1 Miles,Pacific,36,Yes,Middle Aged
21108,Married,Female,40000,1,Bachelors,Skilled Manual,Yes,1,0-1 Miles,Europe,43,Yes,Middle Aged
12731,Single,Male,30000,0,High School,Manual,No,1,1-2 Miles,Europe,32,No,Middle Aged
25307,Married,Female,40000,1,Bachelors,Skilled Manual,Yes,1,1-2 Miles,Europe,32,Yes,Middle Aged
14278,Married,Female,130000,0,Graduate Degree,Management,Yes,1,10+ Miles,Pacific,48,No,Middle Aged
20711,Married,Female,40000,1,Bachelors,Skilled Manual,Yes,0,1-2 Miles,Europe,32,Yes,Middle Aged
11383,Married,Female,30000,3,Graduate Degree,Clerical,Yes,1,0-1 Miles,Europe,46,No,Middle Aged
12497,Married,Female,40000,1,Bachelors,Skilled Manual,Yes,0,0-1 Miles,Europe,42,No,Middle Aged
16559,Single,Female,10000,2,High School,Manual,Yes,0,0-1 Miles,Europe,36,Yes,Middle Aged
11585,Married,Female,40000,1,Bachelors,Skilled Manual,Yes,0,0-1 Miles,Europe,41,No,Middle Aged
20277,Married,Female,30000,2,Partial College,Clerical,No,2,0-1 Miles,Pacific,69,No,Old Aged
26765,Single,Female,70000,5,Partial College,Skilled Manual,Yes,2,5-10 Miles,Pacific,45,No,Middle Aged
12389,Single,Male,30000,0,High School,Manual,No,1,2-5 Miles,Europe,34,No,Middle Aged
13585,Married,Female,80000,4,Partial College,Professional,No,1,2-5 Miles,Europe,53,Yes,Old Aged
26385,Single,Male,120000,3,High School,Professional,No,4,5-10 Miles,Europe,50,No,Middle Aged
12236,Married,Female,20000,1,Partial College,Manual,Yes,0,0-1 Miles,Europe,65,No,Old Aged
21560,Married,Male,120000,0,Partial High School,Professional,Yes,4,10+ Miles,Pacific,32,Yes,Middle Aged
21554,Single,Female,80000,0,Bachelors,Professional,No,3,10+ Miles,Pacific,33,No,Middle Aged
13662,Single,Male,20000,0,Partial High School,Manual,Yes,2,1-2 Miles,Europe,31,Yes,Middle Aged
13089,Married,Female,120000,1,Bachelors,Management,Yes,2,0-1 Miles,Pacific,46,Yes,Middle Aged
14791,Married,Female,40000,0,Bachelors,Clerical,Yes,0,0-1 Miles,Europe,39,Yes,Middle Aged
19331,Single,Male,20000,2,High School,Manual,Yes,1,0-1 Miles,Europe,40,No,Middle Aged
17754,Single,Female,30000,3,Bachelors,Clerical,Yes,0,0-1 Miles,Europe,46,Yes,Middle Aged
11149,Married,Male,40000,2,Bachelors,Management,Yes,2,0-1 Miles,Pacific,65,No,Old Aged
16549,Single,Female,30000,3,Bachelors,Clerical,Yes,0,0-1 Miles,Europe,47,Yes,Middle Aged
24305,Single,Male,100000,1,Bachelors,Management,No,3,0-1 Miles,Pacific,46,Yes,Middle Aged
18253,Married,Female,80000,5,Graduate Degree,Management,Yes,3,0-1 Miles,Pacific,40,No,Middle Aged
20147,Married,Female,30000,1,Bachelors,Clerical,Yes,0,0-1 Miles,Europe,65,No,Old Aged
15612,Single,Male,30000,0,High School,Manual,No,1,1-2 Miles,Europe,28,No,Young
28323,Single,Male,70000,0,Bachelors,Professional,No,2,5-10 Miles,Pacific,43,Yes,Middle Aged
22634,Single,Female,40000,0,Graduate Degree,Clerical,Yes,0,0-1 Miles,Europe,38,Yes,Middle Aged
15665,Married,Female,30000,0,Bachelors,Clerical,Yes,0,0-1 Miles,Europe,47,Yes,Middle Aged
27585,Married,Female,90000,2,Bachelors,Professional,No,0,0-1 Miles,Pacific,36,Yes,Middle Aged
19748,Married,Male,20000,4,High School,Skilled Manual,No,2,1-2 Miles,Pacific,60,No,Old Aged
21974,Single,Female,70000,0,Bachelors,Professional,Yes,1,5-10 Miles,Pacific,42,Yes,Middle Aged
14032,Married,Male,70000,2,High School,Skilled Manual,No,2,1-2 Miles,Pacific,50,Yes,Middle Aged
22610,Married,Male,30000,0,Bachelors,Clerical,Yes,0,0-1 Miles,Europe,35,Yes,Middle Aged
26984,Married,Male,40000,1,Bachelors,Skilled Manual,Yes,1,0-1 Miles,Europe,32,Yes,Middle Aged
18294,Married,Female,90000,1,Bachelors,Professional,Yes,1,5-10 Miles,Pacific,46,No,Middle Aged
28564,Single,Female,40000,2,Partial College,Clerical,Yes,0,1-2 Miles,Europe,33,Yes,Middle Aged
28521,Single,Male,40000,0,Graduate Degree,Clerical,No,0,0-1 Miles,Europe,36,Yes,Middle Aged
15450,Married,Male,10000,1,Graduate Degree,Clerical,Yes,0,0-1 Miles,Europe,70,No,Old Aged
25681,Single,Female,30000,0,Partial College,Clerical,No,1,2-5 Miles,Europe,31,Yes,Middle Aged
19491,Single,Male,30000,2,Partial College,Clerical,Yes,2,0-1 Miles,Europe,42,No,Middle Aged
26415,Married,Female,90000,4,Partial High School,Skilled Manual,Yes,4,10+ Miles,Europe,58,No,Old Aged
12821,Married,Male,40000,0,Bachelors,Clerical,Yes,0,0-1 Miles,Europe,39,No,Middle Aged
15629,Single,Female,10000,0,Partial High School,Manual,Yes,2,1-2 Miles,Europe,34,No,Middle Aged
27835,Married,Male,20000,0,Partial High School,Manual,Yes,2,0-1 Miles,Europe,32,No,Middle Aged
11738,Married,Male,60000,4,Bachelors,Professional,Yes,0,2-5 Miles,North America,46,No,Middle Aged
25065,Married,Male,70000,2,Partial High School,Skilled Manual,Yes,2,5-10 Miles,North America,48,No,Middle Aged
26238,Single,Female,40000,3,Partial College,Clerical,Yes,1,1-2 Miles,North America,31,Yes,Middle Aged
23707,Single,Male,70000,5,Bachelors,Management,Yes,3,10+ Miles,North America,60,Yes,Old Aged
27650,Married,Male,70000,4,High School,Professional,Yes,0,5-10 Miles,North America,51,No,Old Aged
24981,Married,Male,60000,2,Partial College,Professional,Yes,2,10+ Miles,North America,56,No,Old Aged
20678,Single,Female,60000,3,Bachelors,Skilled Manual,Yes,1,2-5 Miles,North America,40,Yes,Middle Aged
15302,Single,Female,70000,1,Graduate Degree,Professional,Yes,0,2-5 Miles,North America,34,Yes,Middle Aged
26012,Married,Male,80000,1,Partial College,Skilled Manual,Yes,1,2-5 Miles,North America,48,Yes,Middle Aged
26575,Single,Female,40000,0,High School,Skilled Manual,No,2,1-2 Miles,North America,31,Yes,Middle Aged
15559,Married,Male,60000,5,Bachelors,Professional,Yes,1,2-5 Miles,North America,47,No,Middle Aged
19235,Married,Female,50000,0,Graduate Degree,Skilled Manual,Yes,0,0-1 Miles,North America,34,No,Middle Aged
15275,Married,Male,40000,0,Partial College,Skilled Manual,Yes,1,5-10 Miles,North America,29,No,Young
20339,Married,Female,130000,1,Bachelors,Management,Yes,4,2-5 Miles,North America,44,Yes,Middle Aged
25405,Married,Male,70000,2,Bachelors,Skilled Manual,Yes,1,2-5 Miles,North America,38,Yes,Middle Aged
15940,Married,Male,100000,4,Partial College,Professional,Yes,4,0-1 Miles,North America,40,No,Middle Aged
25074,Married,Female,70000,4,Bachelors,Professional,Yes,2,2-5 Miles,North America,42,Yes,Middle Aged
24738,Married,Female,40000,1,Partial College,Clerical,Yes,1,1-2 Miles,North America,51,Yes,Old Aged
16337,Married,Male,60000,0,Partial College,Skilled Manual,No,2,1-2 Miles,North America,29,No,Young
24357,Married,Male,56268,3,Bachelors,Professional,Yes,1,2-5 Miles,North America,48,Yes,Middle Aged
18613,Single,Male,70000,0,Bachelors,Professional,No,1,2-5 Miles,North America,37,Yes,Middle Aged
12207,Single,Male,80000,4,Bachelors,Management,Yes,1,5-10 Miles,North America,66,Yes,Old Aged
18052,Married,Female,60000,1,Partial College,Skilled Manual,Yes,1,0-1 Miles,North America,45,Yes,Middle Aged
13353,Single,Female,60000,4,Graduate Degree,Management,Yes,2,10+ Miles,North America,61,Yes,Old Aged
19399,Single,Male,40000,0,Bachelors,Professional,No,1,2-5 Miles,North America,45,No,Middle Aged
16154,Married,Female,70000,5,Bachelors,Professional,Yes,2,2-5 Miles,North America,47,No,Middle Aged
22219,Married,Female,60000,2,High School,Professional,Yes,2,5-10 Miles,North America,49,No,Middle Aged
17269,Single,Male,60000,3,Bachelors,Professional,No,0,0-1 Miles,North America,47,Yes,Middle Aged
23586,Married,Female,80000,0,Bachelors,Management,Yes,1,1-2 Miles,North America,34,Yes,Middle Aged
15740,Married,Male,80000,5,Bachelors,Management,Yes,2,1-2 Miles,North America,64,No,Old Aged
27638,Single,Male,100000,1,Partial College,Professional,No,3,1-2 Miles,North America,44,No,Middle Aged
18976,Single,Male,40000,4,High School,Professional,Yes,2,10+ Miles,North America,62,Yes,Old Aged
19413,Single,Male,60000,3,Bachelors,Professional,No,1,0-1 Miles,North America,47,Yes,Middle Aged
13283,Married,Male,80000,3,Partial College,Professional,No,2,0-1 Miles,North America,49,Yes,Middle Aged
17471,Single,Female,80000,4,Graduate Degree,Management,Yes,2,5-10 Miles,North America,67,No,Old Aged
16791,Single,Male,60000,5,Bachelors,Management,Yes,3,10+ Miles,North America,59,Yes,Old Aged
15382,Married,Female,110000,1,Bachelors,Management,Yes,2,1-2 Miles,North America,44,No,Middle Aged
11641,Married,Male,50000,1,Bachelors,Skilled Manual,Yes,0,0-1 Miles,North America,36,No,Middle Aged
11935,Single,Female,30000,0,Partial College,Skilled Manual,Yes,1,5-10 Miles,North America,28,No,Young
13233,Married,Male,60000,2,Partial College,Professional,Yes,1,10+ Miles,North America,57,Yes,Old Aged
25909,Married,Male,60000,0,Partial College,Skilled Manual,Yes,1,5-10 Miles,North America,27,Yes,Young
14092,Single,Male,30000,0,Partial High School,Clerical,Yes,2,5-10 Miles,North America,28,No,Young
29143,Single,Female,60000,1,Bachelors,Professional,No,1,0-1 Miles,North America,44,Yes,Middle Aged
24941,Married,Male,60000,3,Bachelors,Management,Yes,2,10+ Miles,North America,66,No,Old Aged
24637,Married,Male,40000,4,High School,Professional,Yes,2,10+ Miles,North America,64,No,Old Aged
23893,Married,Male,50000,3,Bachelors,Skilled Manual,Yes,3,10+ Miles,North America,41,No,Middle Aged
13907,Single,Female,80000,3,Bachelors,Skilled Manual,Yes,1,0-1 Miles,North America,41,Yes,Middle Aged
14900,Married,Female,40000,1,Partial College,Clerical,Yes,1,1-2 Miles,North America,49,Yes,Middle Aged
11262,Married,Female,80000,4,Bachelors,Management,Yes,0,0-1 Miles,North America,42,No,Middle Aged
22294,Single,Female,70000,0,Bachelors,Professional,No,1,2-5 Miles,North America,37,Yes,Middle Aged
12195,Single,Female,70000,3,Graduate Degree,Management,Yes,2,1-2 Miles,North America,52,No,Old Aged
25375,Married,Male,50000,1,Graduate Degree,Skilled Manual,Yes,0,1-2 Miles,North America,34,No,Middle Aged
11143,Married,Male,40000,0,High School,Skilled Manual,Yes,2,5-10 Miles,North America,29,No,Young
25898,Married,Female,70000,2,High School,Professional,Yes,2,2-5 Miles,North America,53,No,Old Aged
24397,Single,Male,120000,2,Bachelors,Management,No,4,1-2 Miles,North America,40,No,Middle Aged
19758,Single,Male,60000,0,Partial College,Skilled Manual,No,2,1-2 Miles,North America,29,No,Young
15529,Married,Male,60000,4,Bachelors,Professional,Yes,2,2-5 Miles,North America,43,Yes,Middle Aged
19884,Married,Male,60000,2,High School,Professional,Yes,2,2-5 Miles,North America,55,Yes,Old Aged
18674,Single,Female,80000,4,Graduate Degree,Skilled Manual,No,0,0-1 Miles,North America,48,No,Middle Aged
13453,Married,Female,130000,2,Bachelors,Management,Yes,3,0-1 Miles,North America,45,Yes,Middle Aged
14063,Single,Female,70000,0,Bachelors,Professional,No,1,0-1 Miles,Pacific,42,Yes,Middle Aged
27393,Married,Female,50000,4,Bachelors,Management,Yes,2,10+ Miles,North America,63,No,Old Aged
14417,Single,Male,60000,3,High School,Professional,Yes,2,10+ Miles,North America,54,Yes,Old Aged
17533,Married,Male,40000,3,Partial College,Professional,No,2,5-10 Miles,North America,73,Yes,Old Aged
18580,Married,Female,60000,2,Graduate Degree,Professional,Yes,0,2-5 Miles,North America,44,Yes,Middle Aged
17025,Single,Male,50000,0,Partial College,Skilled Manual,No,1,2-5 Miles,North America,39,Yes,Middle Aged
25293,Married,Male,80000,4,Bachelors,Management,Yes,0,1-2 Miles,North America,42,No,Middle Aged
24725,Married,Female,40000,3,Partial College,Clerical,Yes,0,1-2 Miles,North America,31,No,Middle Aged
23200,Married,Female,50000,3,Bachelors,Skilled Manual,Yes,2,0-1 Miles,North America,41,No,Middle Aged
15895,Single,Female,60000,2,Bachelors,Management,Yes,0,10+ Miles,North America,58,No,Old Aged
18577,Married,Female,60000,0,Graduate Degree,Professional,Yes,0,0-1 Miles,North America,40,No,Middle Aged
27218,Married,Female,20000,2,Partial High School,Clerical,No,1,0-1 Miles,North America,48,No,Middle Aged
18560,Married,Female,70000,2,Graduate Degree,Professional,Yes,0,2-5 Miles,North America,34,Yes,Middle Aged
25006,Single,Female,30000,0,Partial College,Skilled Manual,Yes,1,5-10 Miles,North America,28,No,Young
17369,Single,Male,30000,0,Partial College,Skilled Manual,Yes,1,5-10 Miles,North America,27,No,Young
14495,Married,Male,40000,3,Partial College,Professional,No,2,5-10 Miles,North America,54,Yes,Old Aged
18847,Married,Female,60000,2,Graduate Degree,Management,Yes,2,5-10 Miles,North America,70,No,Old Aged
14754,Married,Male,40000,1,Partial College,Clerical,Yes,1,1-2 Miles,North America,48,Yes,Middle Aged
23378,Married,Male,70000,1,Partial College,Skilled Manual,Yes,1,2-5 Miles,North America,44,Yes,Middle Aged
26452,Single,Male,50000,3,Graduate Degree,Management,Yes,2,10+ Miles,North America,69,No,Old Aged
20370,Married,Male,70000,3,Partial High School,Skilled Manual,Yes,2,5-10 Miles,North America,52,No,Old Aged
20528,Married,Male,40000,2,Partial High School,Skilled Manual,Yes,2,2-5 Miles,North America,55,No,Old Aged
23549,Single,Male,30000,0,High School,Skilled Manual,Yes,2,5-10 Miles,North America,30,No,Young
21751,Married,Male,60000,3,Graduate Degree,Management,Yes,2,1-2 Miles,North America,63,No,Old Aged
21266,Single,Female,80000,0,Bachelors,Management,Yes,1,1-2 Miles,North America,34,Yes,Middle Aged
13388,Single,Male,60000,2,Partial College,Professional,Yes,1,10+ Miles,North America,56,No,Old Aged
18752,Single,Female,40000,0,High School,Skilled Manual,Yes,1,5-10 Miles,North America,31,No,Middle Aged
16917,Married,Male,120000,1,Bachelors,Management,Yes,4,0-1 Miles,North America,38,No,Middle Aged
15313,Married,Male,60000,4,Bachelors,Management,Yes,2,2-5 Miles,North America,59,No,Old Aged
25329,Single,Female,40000,3,Partial College,Clerical,No,2,0-1 Miles,North America,32,No,Middle Aged
20380,Married,Female,60000,3,Graduate Degree,Management,Yes,2,10+ Miles,North America,69,No,Old Aged
23089,Married,Male,40000,0,Partial College,Skilled Manual,Yes,1,5-10 Miles,North America,28,No,Young
13749,Married,Male,80000,4,Graduate Degree,Skilled Manual,Yes,0,1-2 Miles,North America,47,No,Middle Aged
24943,Married,Male,60000,3,Bachelors,Management,Yes,2,10+ Miles,North America,66,No,Old Aged
28667,Single,Male,70000,2,Bachelors,Skilled Manual,No,1,0-1 Miles,North America,37,Yes,Middle Aged
15194,Single,Male,120000,2,Bachelors,Management,No,3,0-1 Miles,North America,39,Yes,Middle Aged
17436,Married,Male,60000,2,High School,Professional,No,2,1-2 Miles,North America,51,No,Old Aged
18935,Married,Female,130000,0,Graduate Degree,Management,Yes,3,1-2 Miles,North America,40,No,Middle Aged
16871,Married,Female,90000,2,High School,Professional,Yes,1,10+ Miles,North America,51,Yes,Old Aged
12100,Single,Male,60000,2,Bachelors,Management,Yes,0,10+ Miles,North America,57,No,Old Aged
23158,Married,Female,60000,1,Graduate Degree,Professional,No,0,0-1 Miles,North America,35,Yes,Middle Aged
18545,Married,Male,40000,4,High School,Professional,No,2,10+ Miles,North America,61,Yes,Old Aged
18391,Single,Female,80000,5,Partial College,Professional,Yes,2,5-10 Miles,North America,44,No,Middle Aged
19812,Single,Female,70000,2,Partial College,Professional,Yes,0,5-10 Miles,North America,49,Yes,Middle Aged
27660,Married,Male,80000,4,Graduate Degree,Management,Yes,2,5-10 Miles,North America,70,No,Old Aged
18058,Single,Female,20000,3,High School,Skilled Manual,Yes,2,2-5 Miles,North America,78,No,Old Aged
20343,Married,Female,90000,4,Partial College,Professional,Yes,1,1-2 Miles,North America,45,No,Middle Aged
28997,Single,Male,40000,2,High School,Professional,No,1,2-5 Miles,North America,58,Yes,Old Aged
24398,Married,Male,130000,1,Graduate Degree,Management,Yes,4,0-1 Miles,North America,41,No,Middle Aged
19002,Married,Female,60000,2,Partial College,Professional,Yes,1,2-5 Miles,North America,57,Yes,Old Aged
28609,Married,Male,30000,2,High School,Skilled Manual,No,2,0-1 Miles,North America,49,No,Middle Aged
29231,Single,Male,80000,4,Partial College,Professional,No,2,0-1 Miles,North America,43,No,Middle Aged
18858,Single,Male,60000,2,Partial High School,Skilled Manual,Yes,2,5-10 Miles,North America,52,Yes,Old Aged
20000,Married,Male,60000,1,Graduate Degree,Professional,Yes,0,0-1 Miles,North America,35,Yes,Middle Aged
25261,Married,Male,40000,0,High School,Skilled Manual,Yes,2,5-10 Miles,North America,27,No,Young
17458,Single,Male,70000,3,High School,Professional,Yes,0,5-10 Miles,North America,52,Yes,Old Aged
11644,Single,Male,40000,2,Bachelors,Skilled Manual,Yes,0,2-5 Miles,North America,36,No,Middle Aged
16145,Single,Female,70000,5,Graduate Degree,Professional,Yes,3,10+ Miles,North America,46,Yes,Middle Aged
16890,Married,Male,60000,3,Partial High School,Skilled Manual,Yes,2,5-10 Miles,North America,52,Yes,Old Aged
25983,Married,Male,70000,0,Bachelors,Professional,No,1,0-1 Miles,North America,43,No,Middle Aged
14633,Married,Male,60000,1,Partial College,Skilled Manual,Yes,1,2-5 Miles,North America,44,No,Middle Aged
22994,Married,Female,80000,0,Bachelors,Management,Yes,1,1-2 Miles,North America,34,Yes,Middle Aged
22983,Single,Female,30000,0,Partial High School,Clerical,Yes,2,5-10 Miles,North America,27,No,Young
25184,Single,Male,110000,1,Partial College,Professional,Yes,4,5-10 Miles,North America,45,Yes,Middle Aged
14469,Married,Female,100000,3,Partial College,Professional,Yes,4,1-2 Miles,North America,45,No,Middle Aged
11538,Single,Female,60000,4,Graduate Degree,Skilled Manual,No,1,0-1 Miles,North America,47,Yes,Middle Aged
16245,Single,Female,80000,4,Graduate Degree,Skilled Manual,Yes,0,1-2 Miles,North America,47,No,Middle Aged
17858,Married,Male,40000,4,High School,Skilled Manual,Yes,2,2-5 Miles,North America,44,Yes,Middle Aged
25347,Single,Female,20000,3,Partial High School,Clerical,No,2,0-1 Miles,North America,49,No,Middle Aged
15814,Single,Female,40000,0,High School,Skilled Manual,Yes,1,5-10 Miles,North America,30,No,Young
11259,Married,Female,100000,4,Partial College,Professional,Yes,4,2-5 Miles,North America,41,Yes,Middle Aged
11200,Married,Male,70000,4,Bachelors,Management,Yes,1,1-2 Miles,North America,58,No,Old Aged
25101,Married,Male,60000,5,Bachelors,Professional,Yes,1,2-5 Miles,North America,47,No,Middle Aged
21801,Married,Female,70000,4,Partial College,Professional,Yes,1,1-2 Miles,North America,55,No,Old Aged
25943,Single,Female,70000,0,Partial College,Skilled Manual,No,2,0-1 Miles,North America,27,Yes,Young
22127,Married,Male,60000,3,Graduate Degree,Management,Yes,2,1-2 Miles,North America,67,No,Old Aged
20414,Married,Female,60000,0,Partial College,Skilled Manual,Yes,2,5-10 Miles,North America,29,No,Young
23672,Married,Female,60000,3,Graduate Degree,Management,Yes,2,1-2 Miles,North America,67,No,Old Aged
29255,Single,Male,80000,3,Partial College,Professional,No,1,1-2 Miles,North America,51,Yes,Old Aged
28815,Married,Female,50000,1,Graduate Degree,Skilled Manual,Yes,0,0-1 Miles,North America,35,No,Middle Aged
27753,Married,Male,40000,0,High School,Skilled Manual,No,2,1-2 Miles,North America,30,No,Young
27643,Single,Male,70000,5,Partial College,Professional,Yes,3,2-5 Miles,North America,44,No,Middle Aged
13754,Single,Female,80000,4,Graduate Degree,Skilled Manual,Yes,0,1-2 Miles,North America,48,No,Middle Aged
22088,Married,Female,130000,1,Bachelors,Management,Yes,2,0-1 Miles,North America,45,Yes,Middle Aged
27388,Married,Male,60000,3,Bachelors,Management,No,2,1-2 Miles,North America,66,No,Old Aged
24745,Single,Female,30000,2,High School,Skilled Manual,No,2,0-1 Miles,North America,49,No,Middle Aged
29237,Single,Female,120000,4,Partial College,Professional,Yes,3,5-10 Miles,North America,43,Yes,Middle Aged
15272,Single,Male,40000,0,High School,Skilled Manual,No,2,1-2 Miles,North America,30,No,Young
18949,Single,Male,70000,2,Graduate Degree,Management,Yes,2,5-10 Miles,North America,74,Yes,Old Aged
14507,Married,Male,100000,2,Graduate Degree,Management,Yes,3,1-2 Miles,North America,65,No,Old Aged
25886,Married,Female,60000,2,Partial College,Professional,Yes,2,2-5 Miles,North America,56,Yes,Old Aged
21441,Married,Male,50000,4,Bachelors,Management,Yes,2,10+ Miles,North America,64,No,Old Aged
21741,Married,Female,70000,3,Partial College,Professional,Yes,2,5-10 Miles,North America,50,Yes,Middle Aged
14572,Married,Female,70000,3,Graduate Degree,Professional,Yes,0,2-5 Miles,North America,35,Yes,Middle Aged
23368,Married,Female,60000,5,Bachelors,Skilled Manual,Yes,3,10+ Miles,North America,41,No,Middle Aged
16217,Single,Female,60000,0,Graduate Degree,Skilled Manual,Yes,0,0-1 Miles,North America,39,No,Middle Aged
16247,Single,Female,60000,4,Graduate Degree,Skilled Manual,,0,1-2 Miles,North America,47,No,Middle Aged
22010,Single,Male,40000,0,High School,Skilled Manual,Yes,2,5-10 Miles,North America,31,No,Middle Aged
25872,Single,Female,70000,2,Bachelors,Management,No,1,2-5 Miles,North America,58,Yes,Old Aged
19164,Single,Female,70000,0,Bachelors,Professional,No,1,2-5 Miles,North America,38,Yes,Middle Aged
18435,Single,Female,70000,5,Graduate Degree,Management,Yes,2,10+ Miles,North America,67,Yes,Old Aged
14284,Single,Male,60000,0,Partial College,Professional,No,2,1-2 Miles,North America,32,Yes,Middle Aged
11287,Married,Male,70000,5,Partial College,Professional,No,3,5-10 Miles,North America,45,No,Middle Aged
13066,Single,Male,30000,0,High School,Skilled Manual,No,2,1-2 Miles,North America,31,Yes,Middle Aged
29106,Single,Male,40000,0,High School,Skilled Manual,No,2,1-2 Miles,North America,31,Yes,Middle Aged
26236,Married,Female,40000,3,Partial College,Clerical,Yes,1,0-1 Miles,North America,31,No,Middle Aged
17531,Married,Male,60000,2,High School,Professional,No,2,5-10 Miles,North America,50,No,Middle Aged
12964,Married,Male,70000,1,Partial College,Skilled Manual,Yes,1,0-1 Miles,North America,44,No,Middle Aged
19133,Single,Male,50000,2,Bachelors,Skilled Manual,Yes,1,2-5 Miles,North America,38,Yes,Middle Aged
24643,Single,Female,60000,4,Bachelors,Management,Yes,2,10+ Miles,North America,63,No,Old Aged
21599,Married,Female,60000,1,Graduate Degree,Professional,Yes,0,2-5 Miles,North America,36,Yes,Middle Aged
22976,Single,Male,40000,0,High School,Skilled Manual,No,2,0-1 Miles,North America,28,Yes,Young
27637,Single,Female,100000,1,Partial College,Professional,No,3,1-2 Miles,North America,44,No,Middle Aged
11890,Married,Female,70000,5,Graduate Degree,Professional,Yes,1,0-1 Miles,North America,47,No,Middle Aged
28580,Married,Female,80000,0,Graduate Degree,Skilled Manual,Yes,0,1-2 Miles,North America,40,Yes,Middle Aged
14443,Married,Male,130000,1,Graduate Degree,Management,Yes,4,0-1 Miles,North America,40,No,Middle Aged
17864,Married,Female,60000,1,Partial College,Skilled Manual,Yes,1,2-5 Miles,North America,46,Yes,Middle Aged
20505,Married,Female,40000,5,High School,Professional,No,2,10+ Miles,North America,61,No,Old Aged
14592,Married,Female,60000,0,Graduate Degree,Professional,Yes,0,0-1 Miles,North America,40,No,Middle Aged
22227,Married,Female,60000,2,High School,Professional,Yes,2,5-10 Miles,North America,50,No,Middle Aged
21471,Married,Male,70000,2,Partial College,Professional,Yes,1,10+ Miles,North America,59,No,Old Aged
22252,Single,Female,60000,1,Graduate Degree,Professional,Yes,0,2-5 Miles,North America,36,Yes,Middle Aged
21260,Single,Female,40000,0,High School,Skilled Manual,Yes,2,5-10 Miles,North America,30,No,Young
11817,Single,Female,70000,4,Graduate Degree,Professional,Yes,0,2-5 Miles,North America,35,Yes,Middle Aged
19223,Married,Female,30000,2,High School,Skilled Manual,Yes,2,1-2 Miles,North America,48,No,Middle Aged
18517,Married,Male,100000,3,Bachelors,Management,Yes,4,0-1 Miles,North America,41,No,Middle Aged
21717,Married,Male,40000,2,Partial College,Clerical,Yes,1,0-1 Miles,North America,47,No,Middle Aged
13760,Married,Male,60000,4,Graduate Degree,Skilled Manual,No,0,0-1 Miles,North America,47,No,Middle Aged
18145,Married,Male,80000,5,Bachelors,Management,No,2,2-5 Miles,Europe,62,No,Old Aged
21770,Married,Male,60000,4,Bachelors,Management,Yes,2,10+ Miles,North America,60,No,Old Aged
11165,Married,Female,60000,0,Partial College,Skilled Manual,No,1,1-2 Miles,North America,33,No,Middle Aged
16377,Single,Female,80000,4,Graduate Degree,Skilled Manual,No,0,0-1 Miles,North America,47,No,Middle Aged
26248,Married,Male,20000,3,Partial High School,Clerical,No,2,0-1 Miles,North America,52,No,Old Aged
23461,Married,Female,90000,5,Partial College,Professional,Yes,3,2-5 Miles,North America,40,No,Middle Aged
29133,Single,Female,60000,4,Bachelors,Skilled Manual,No,2,0-1 Miles,North America,42,No,Middle Aged
27673,Single,Female,60000,3,Graduate Degree,Management,Yes,2,5-10 Miles,North America,53,Yes,Old Aged
12774,Married,Female,40000,1,Partial College,Clerical,Yes,1,1-2 Miles,North America,51,Yes,Old Aged
18910,Single,Male,30000,0,Partial College,Skilled Manual,Yes,2,5-10 Miles,North America,30,No,Young
11699,Single,Male,60000,2,Bachelors,Skilled Manual,No,2,0-1 Miles,North America,44,No,Middle Aged
16725,Married,Male,30000,0,High School,Skilled Manual,Yes,2,5-10 Miles,North America,26,No,Young
28269,Single,Female,130000,1,Bachelors,Management,No,1,2-5 Miles,North America,45,No,Middle Aged
23144,Married,Male,50000,1,Bachelors,Skilled Manual,Yes,0,0-1 Miles,North America,34,Yes,Middle Aged
23376,Married,Male,70000,1,Bachelors,Professional,Yes,1,2-5 Miles,North America,44,Yes,Middle Aged
25970,Single,Female,60000,4,Bachelors,Skilled Manual,No,2,0-1 Miles,North America,41,Yes,Middle Aged
28068,Single,Female,80000,3,Graduate Degree,Professional,No,0,0-1 Miles,North America,36,Yes,Middle Aged
18390,Married,Male,80000,5,Partial College,Professional,Yes,2,0-1 Miles,North America,44,No,Middle Aged
29112,Single,Male,60000,0,Partial College,Professional,No,2,1-2 Miles,North America,30,No,Young
14090,Married,Female,30000,0,Partial High School,Clerical,No,2,0-1 Miles,North America,28,No,Young
27040,Married,Male,20000,2,Partial High School,Clerical,Yes,2,1-2 Miles,North America,49,No,Middle Aged
23479,Single,Male,90000,0,Partial College,Professional,No,2,0-1 Miles,North America,43,Yes,Middle Aged
16795,Married,Female,70000,4,Bachelors,Management,Yes,1,1-2 Miles,North America,59,No,Old Aged
22014,Single,Male,30000,0,High School,Skilled Manual,Yes,2,5-10 Miles,North America,26,No,Young
13314,Married,Male,120000,1,High School,Professional,Yes,4,5-10 Miles,North America,46,Yes,Middle Aged
11619,Single,Female,50000,0,Graduate Degree,Skilled Manual,Yes,0,1-2 Miles,North America,33,No,Middle Aged
29132,Single,Female,40000,0,Bachelors,Professional,Yes,1,2-5 Miles,North America,42,Yes,Middle Aged
11199,Married,Female,70000,4,Bachelors,Management,Yes,1,10+ Miles,North America,59,No,Old Aged
20296,Single,Female,60000,0,Partial College,Skilled Manual,No,1,1-2 Miles,North America,33,Yes,Middle Aged
17546,Married,Female,70000,1,Partial College,Skilled Manual,Yes,1,0-1 Miles,North America,44,Yes,Middle Aged
18069,Married,Male,70000,5,Bachelors,Management,Yes,4,10+ Miles,North America,60,No,Old Aged
23712,Single,Female,70000,2,Bachelors,Management,Yes,1,10+ Miles,North America,59,No,Old Aged
23358,Married,Male,60000,0,High School,Professional,Yes,2,5-10 Miles,North America,32,Yes,Middle Aged
20518,Married,Female,70000,2,Partial College,Professional,Yes,1,10+ Miles,North America,58,No,Old Aged
28026,Married,Female,40000,2,High School,Professional,No,2,2-5 Miles,North America,59,No,Old Aged
11669,Single,Female,70000,2,Bachelors,Skilled Manual,Yes,1,2-5 Miles,North America,38,No,Middle Aged
16020,Married,Male,40000,0,High School,Skilled Manual,Yes,2,5-10 Miles,North America,28,Yes,Young
27090,Married,Female,60000,1,Graduate Degree,Professional,Yes,0,2-5 Miles,North America,37,Yes,Middle Aged
27198,Single,Female,80000,0,Graduate Degree,Skilled Manual,No,0,0-1 Miles,North America,40,No,Middle Aged
19661,Single,Male,90000,4,Bachelors,Management,Yes,1,1-2 Miles,North America,38,Yes,Middle Aged
26327,Married,Male,70000,4,Graduate Degree,Professional,Yes,0,2-5 Miles,North America,36,Yes,Middle Aged
26341,Married,Female,70000,5,Graduate Degree,Professional,Yes,2,0-1 Miles,North America,37,No,Middle Aged
24958,Single,Female,40000,5,High School,Professional,No,3,2-5 Miles,North America,60,Yes,Old Aged
13287,Single,Male,110000,4,Bachelors,Management,Yes,4,5-10 Miles,North America,42,Yes,Middle Aged
14493,Single,Female,70000,3,Graduate Degree,Management,No,2,1-2 Miles,North America,53,No,Old Aged
26678,Single,Female,80000,2,Partial High School,Skilled Manual,Yes,2,5-10 Miles,North America,49,No,Middle Aged
23275,Married,Male,30000,2,High School,Skilled Manual,Yes,2,1-2 Miles,North America,49,No,Middle Aged
11270,Married,Male,130000,2,Graduate Degree,Management,Yes,3,0-1 Miles,North America,42,Yes,Middle Aged
20084,Married,Male,20000,2,High School,Manual,No,2,0-1 Miles,North America,53,No,Old Aged
16144,Married,Male,70000,1,Graduate Degree,Professional,Yes,1,0-1 Miles,North America,46,Yes,Middle Aged
27731,Married,Male,40000,0,High School,Skilled Manual,Yes,2,5-10 Miles,North America,27,No,Young
11886,Married,Female,60000,3,Bachelors,Professional,Yes,1,0-1 Miles,North America,48,Yes,Middle Aged
24324,Single,Female,60000,4,Bachelors,Skilled Manual,Yes,2,2-5 Miles,North America,41,Yes,Middle Aged
22220,Married,Male,60000,2,High School,Professional,No,2,1-2 Miles,North America,49,Yes,Middle Aged
26625,Single,Female,60000,0,Graduate Degree,Professional,Yes,1,2-5 Miles,North America,38,Yes,Middle Aged
23027,Single,Male,130000,1,Bachelors,Management,No,4,0-1 Miles,North America,44,No,Middle Aged
16867,Single,Female,130000,1,Bachelors,Management,No,3,0-1 Miles,North America,45,Yes,Middle Aged
14514,Single,Female,30000,0,Partial College,Skilled Manual,Yes,1,5-10 Miles,North America,26,No,Young
19634,Married,Male,40000,0,High School,Skilled Manual,Yes,1,5-10 Miles,North America,31,No,Middle Aged
18504,Married,Male,70000,2,Partial High School,Skilled Manual,No,2,1-2 Miles,North America,49,No,Middle Aged
28799,Single,Female,40000,2,Partial College,Clerical,No,1,1-2 Miles,North America,47,Yes,Middle Aged
11225,Married,Female,60000,2,Partial College,Professional,Yes,1,10+ Miles,North America,55,No,Old Aged
17657,Married,Male,40000,4,Partial College,Clerical,No,0,0-1 Miles,North America,30,No,Young
14913,Married,Female,40000,1,Partial College,Clerical,Yes,1,1-2 Miles,North America,48,Yes,Middle Aged
14077,Single,Male,30000,0,High School,Skilled Manual,Yes,2,5-10 Miles,North America,30,No,Young
13296,Married,Male,110000,1,Bachelors,Management,Yes,3,5-10 Miles,North America,45,No,Middle Aged
20535,Married,Female,70000,4,Partial College,Professional,Yes,1,10+ Miles,North America,56,No,Old Aged
12452,Married,Male,60000,4,Graduate Degree,Skilled Manual,Yes,0,1-2 Miles,North America,47,Yes,Middle Aged
28043,Married,Female,60000,2,Bachelors,Management,Yes,0,10+ Miles,North America,56,No,Old Aged
12957,Single,Female,70000,1,Bachelors,Professional,No,1,0-1 Miles,North America,44,No,Middle Aged
15412,Married,Male,130000,2,Graduate Degree,Management,Yes,3,2-5 Miles,North America,69,No,Old Aged
20514,Married,Female,70000,2,Partial College,Professional,Yes,1,2-5 Miles,North America,59,No,Old Aged
20758,Married,Male,30000,2,High School,Skilled Manual,Yes,2,1-2 Miles,North America,50,No,Middle Aged
11801,Married,Male,60000,1,Graduate Degree,Professional,Yes,0,2-5 Miles,North America,36,No,Middle Aged
22211,Married,Male,60000,0,Partial College,Professional,Yes,2,5-10 Miles,North America,32,No,Middle Aged
28087,Single,Female,40000,0,Partial College,Skilled Manual,No,1,1-2 Miles,North America,27,No,Young
23668,Married,Female,40000,4,High School,Professional,Yes,2,5-10 Miles,North America,59,Yes,Old Aged
27441,Married,Male,60000,3,High School,Professional,No,2,2-5 Miles,North America,53,No,Old Aged
27261,Married,Male,40000,1,Bachelors,Skilled Manual,No,1,0-1 Miles,North America,36,Yes,Middle Aged
18649,Single,Male,30000,1,High School,Clerical,Yes,2,1-2 Miles,North America,51,Yes,Old Aged
21714,Single,Female,80000,5,Graduate Degree,Skilled Manual,No,0,0-1 Miles,North America,47,No,Middle Aged
23217,Single,Female,60000,3,Graduate Degree,Professional,Yes,0,2-5 Miles,North America,43,Yes,Middle Aged
23797,Single,Male,20000,3,Partial High School,Clerical,No,2,0-1 Miles,North America,50,No,Middle Aged
13216,Married,Female,60000,5,Bachelors,Management,Yes,3,10+ Miles,North America,59,No,Old Aged
20657,Single,Male,50000,2,Bachelors,Skilled Manual,Yes,0,2-5 Miles,North America,37,Yes,Middle Aged
12882,Married,Male,50000,1,Graduate Degree,Skilled Manual,Yes,0,0-1 Miles,North America,33,Yes,Middle Aged
25908,Married,Female,60000,0,Partial College,Skilled Manual,No,1,1-2 Miles,North America,27,No,Young
16753,Single,Female,70000,0,Partial College,Skilled Manual,Yes,2,5-10 Miles,North America,34,Yes,Middle Aged
14608,Married,Male,50000,4,Bachelors,Skilled Manual,Yes,3,10+ Miles,North America,42,No,Middle Aged
24979,Married,Female,60000,2,Partial College,Professional,Yes,2,2-5 Miles,North America,57,Yes,Old Aged
13313,Married,Female,120000,1,High School,Professional,No,4,2-5 Miles,North America,45,No,Middle Aged
18952,Married,Female,100000,4,Bachelors,Management,Yes,4,0-1 Miles,North America,40,No,Middle Aged
17699,Married,Male,60000,1,Graduate Degree,Skilled Manual,No,0,0-1 Miles,North America,44,No,Middle Aged
14657,Married,Male,80000,1,Partial College,Skilled Manual,No,1,0-1 Miles,North America,47,Yes,Middle Aged
11540,Single,Male,60000,4,Graduate Degree,Skilled Manual,Yes,0,1-2 Miles,North America,47,Yes,Middle Aged
11783,Married,Female,60000,1,Graduate Degree,Skilled Manual,Yes,0,0-1 Miles,North America,34,No,Middle Aged
14602,Married,Female,80000,3,Graduate Degree,Professional,Yes,0,0-1 Miles,North America,36,Yes,Middle Aged
29030,Married,Male,70000,2,Partial High School,Skilled Manual,Yes,2,10+ Miles,North America,54,No,Old Aged
26490,Single,Male,70000,2,Bachelors,Management,No,1,2-5 Miles,North America,59,Yes,Old Aged
13151,Single,Male,40000,0,High School,Skilled Manual,Yes,2,5-10 Miles,North America,27,No,Young
17260,Married,Male,90000,5,Partial College,Professional,Yes,3,0-1 Miles,North America,41,No,Middle Aged
15372,Married,Male,80000,3,Partial College,Professional,No,2,2-5 Miles,North America,50,Yes,Middle Aged
18105,Married,Female,60000,2,Partial College,Professional,Yes,1,10+ Miles,North America,55,No,Old Aged
19660,Married,Male,80000,4,Bachelors,Management,Yes,0,0-1 Miles,North America,43,No,Middle Aged
16112,Single,Male,70000,4,Bachelors,Professional,Yes,2,2-5 Miles,North America,43,Yes,Middle Aged
20698,Married,Male,60000,4,Bachelors,Skilled Manual,Yes,3,5-10 Miles,North America,42,No,Middle Aged
20076,Single,Female,10000,2,High School,Manual,Yes,2,1-2 Miles,North America,53,Yes,Old Aged
24496,Single,Female,40000,0,High School,Skilled Manual,No,2,0-1 Miles,North America,28,Yes,Young
15468,Married,Female,50000,1,Bachelors,Skilled Manual,Yes,1,0-1 Miles,North America,35,No,Middle Aged
28031,Single,Female,70000,2,Bachelors,Management,No,1,2-5 Miles,North America,59,Yes,Old Aged
26270,Single,Female,20000,2,Partial High School,Clerical,Yes,2,1-2 Miles,North America,49,No,Middle Aged
22221,Married,Male,60000,2,High School,Professional,No,2,1-2 Miles,North America,48,Yes,Middle Aged
28228,Single,Female,80000,2,Partial High School,Skilled Manual,No,2,1-2 Miles,North America,50,No,Middle Aged
18363,Married,Male,40000,0,High School,Skilled Manual,Yes,2,5-10 Miles,North America,28,Yes,Young
23256,Single,Male,30000,1,High School,Clerical,No,1,5-10 Miles,North America,52,No,Old Aged
12768,Married,Male,30000,1,High School,Clerical,Yes,1,2-5 Miles,North America,52,Yes,Old Aged
20361,Married,Male,50000,2,Graduate Degree,Management,Yes,2,5-10 Miles,North America,69,No,Old Aged
21306,Single,Male,60000,2,High School,Professional,Yes,2,5-10 Miles,North America,51,No,Old Aged
13382,Married,Male,70000,5,Partial College,Professional,Yes,2,1-2 Miles,North America,57,Yes,Old Aged
20310,Single,Male,60000,0,Partial College,Skilled Manual,Yes,1,5-10 Miles,North America,27,Yes,Young
22971,Single,Female,30000,0,High School,Skilled Manual,No,2,0-1 Miles,North America,25,Yes,Young
15287,Single,Female,50000,1,Graduate Degree,Skilled Manual,Yes,0,1-2 Miles,North America,33,Yes,Middle Aged
15532,Single,Male,60000,4,Bachelors,Professional,Yes,2,2-5 Miles,North America,43,Yes,Middle Aged
11255,Married,Male,70000,4,Graduate Degree,Management,Yes,2,5-10 Miles,North America,73,No,Old Aged
28090,Married,Male,40000,0,Partial College,Skilled Manual,Yes,1,5-10 Miles,North America,27,No,Young
15255,Married,Male,40000,0,High School,Skilled Manual,Yes,2,5-10 Miles,North America,28,Yes,Young
13154,Married,Male,40000,0,High School,Skilled Manual,No,2,0-1 Miles,North America,27,Yes,Young
26778,Single,Female,40000,2,High School,Skilled Manual,Yes,2,5-10 Miles,North America,31,No,Middle Aged
23248,Married,Female,10000,2,High School,Manual,Yes,2,1-2 Miles,North America,53,No,Old Aged
21417,Single,Female,60000,0,Partial College,Professional,No,2,1-2 Miles,North America,32,Yes,Middle Aged
17668,Single,Male,30000,2,High School,Skilled Manual,Yes,2,1-2 Miles,North America,50,Yes,Middle Aged
27994,Married,Female,40000,4,High School,Professional,Yes,2,5-10 Miles,North America,69,No,Old Aged
20376,Single,Female,70000,3,Graduate Degree,Management,Yes,2,5-10 Miles,North America,52,Yes,Old Aged
25954,Married,Male,60000,0,Partial College,Skilled Manual,No,2,1-2 Miles,North America,31,No,Middle Aged
15749,Single,Female,70000,4,Bachelors,Management,Yes,2,10+ Miles,North America,61,No,Old Aged
25899,Married,Female,70000,2,High School,Professional,Yes,2,10+ Miles,North America,53,No,Old Aged
13351,Single,Female,70000,4,Bachelors,Management,Yes,2,1-2 Miles,North America,62,Yes,Old Aged
23333,Married,Male,40000,0,Partial College,Skilled Manual,No,2,1-2 Miles,North America,30,No,Young
21660,Married,Female,60000,3,Graduate Degree,Professional,Yes,0,2-5 Miles,North America,43,Yes,Middle Aged
17012,Married,Female,60000,3,Graduate Degree,Professional,Yes,0,2-5 Miles,North America,42,Yes,Middle Aged
24514,Married,Male,40000,0,Partial College,Skilled Manual,Yes,1,5-10 Miles,North America,30,No,Young
27505,Single,Female,40000,0,High School,Skilled Manual,Yes,2,5-10 Miles,North America,30,No,Young
29243,Single,Male,110000,1,Bachelors,Management,Yes,1,5-10 Miles,North America,43,No,Middle Aged
26582,Married,Male,60000,0,Partial College,Skilled Manual,Yes,2,5-10 Miles,North America,33,Yes,Middle Aged
14271,Married,Male,30000,0,High School,Skilled Manual,Yes,2,5-10 Miles,North America,32,No,Middle Aged
23041,Single,Female,70000,4,High School,Professional,Yes,0,5-10 Miles,North America,50,Yes,Middle Aged
29048,Single,Male,110000,2,Bachelors,Management,No,3,0-1 Miles,North America,37,Yes,Middle Aged
24433,Married,Male,70000,3,High School,Professional,No,1,1-2 Miles,North America,52,Yes,Old Aged
15501,Married,Male,70000,4,Graduate Degree,Professional,Yes,0,2-5 Miles,North America,36,Yes,Middle Aged
13911,Single,Female,80000,3,Bachelors,Skilled Manual,Yes,2,2-5 Miles,North America,41,Yes,Middle Aged
20421,Single,Female,40000,0,Partial High School,Clerical,Yes,2,5-10 Miles,North America,26,No,Young
16009,Single,Male,170000,1,Graduate Degree,Management,No,4,0-1 Miles,North America,66,No,Old Aged
18411,Married,Male,60000,2,High School,Professional,No,2,5-10 Miles,North America,51,No,Old Aged
19163,Married,Female,70000,4,Bachelors,Professional,Yes,2,0-1 Miles,North America,43,Yes,Middle Aged
18572,Married,Female,60000,0,Graduate Degree,Professional,Yes,0,0-1 Miles,North America,39,No,Middle Aged
27540,Single,Female,70000,0,Bachelors,Professional,No,1,0-1 Miles,North America,37,Yes,Middle Aged
19889,Single,Female,70000,2,Partial High School,Skilled Manual,No,2,2-5 Miles,North America,54,Yes,Old Aged
12922,Single,Female,60000,3,Bachelors,Skilled Manual,Yes,0,2-5 Miles,North America,40,Yes,Middle Aged
18891,Married,Female,40000,0,Partial College,Skilled Manual,Yes,2,5-10 Miles,North America,28,No,Young
16773,Married,Male,60000,1,Graduate Degree,Skilled Manual,Yes,0,0-1 Miles,North America,33,No,Middle Aged
19143,Single,Female,80000,3,Bachelors,Skilled Manual,Yes,2,2-5 Miles,North America,41,Yes,Middle Aged
23882,Single,Female,80000,3,Graduate Degree,Professional,Yes,0,0-1 Miles,North America,37,Yes,Middle Aged
11233,Married,Male,70000,4,Partial College,Professional,Yes,2,10+ Miles,North America,53,No,Old Aged
12056,Married,Male,120000,2,Graduate Degree,Management,Yes,3,5-10 Miles,North America,64,No,Old Aged
15555,Married,Female,60000,1,Partial College,Skilled Manual,Yes,1,2-5 Miles,North America,45,Yes,Middle Aged
18423,Single,Male,80000,2,Partial High School,Skilled Manual,No,2,1-2 Miles,North America,52,No,Old Aged
22743,Married,Female,40000,5,High School,Professional,Yes,2,10+ Miles,North America,60,No,Old Aged
25343,Single,Female,20000,3,Partial High School,Clerical,Yes,2,1-2 Miles,North America,50,No,Middle Aged
13390,Married,Female,70000,4,Partial College,Professional,No,1,1-2 Miles,North America,56,No,Old Aged
17482,Single,Female,40000,0,Partial High School,Clerical,Yes,2,5-10 Miles,North America,29,No,Young
13176,Single,Male,130000,0,Graduate Degree,Management,No,2,0-1 Miles,North America,38,Yes,Middle Aged
20504,Married,Female,40000,5,High School,Professional,No,2,2-5 Miles,North America,60,No,Old Aged
12205,Single,Female,130000,2,Bachelors,Management,No,4,0-1 Miles,North America,67,No,Old Aged
16751,Married,Male,60000,0,Partial College,Skilled Manual,Yes,1,5-10 Miles,North America,32,Yes,Middle Aged
21613,Single,Male,50000,2,Bachelors,Skilled Manual,No,1,0-1 Miles,North America,39,Yes,Middle Aged
24801,Single,Male,60000,1,Graduate Degree,Professional,Yes,0,2-5 Miles,North America,35,Yes,Middle Aged
17519,Married,Female,60000,0,Partial College,Professional,Yes,2,5-10 Miles,North America,32,No,Middle Aged
18347,Single,Female,30000,0,Partial College,Skilled Manual,No,1,1-2 Miles,North America,31,No,Middle Aged
29052,Single,Male,40000,0,Partial College,Skilled Manual,Yes,1,5-10 Miles,North America,27,No,Young
11745,Married,Female,60000,1,Bachelors,Professional,Yes,1,0-1 Miles,North America,47,Yes,Middle Aged
19147,Married,Male,40000,0,Bachelors,Professional,No,1,0-1 Miles,North America,42,No,Middle Aged
19217,Married,Male,30000,2,High School,Skilled Manual,Yes,2,1-2 Miles,North America,49,No,Middle Aged
15839,Single,Male,30000,0,Partial College,Skilled Manual,Yes,1,5-10 Miles,North America,32,No,Middle Aged
13714,Married,Female,20000,2,High School,Manual,No,2,1-2 Miles,North America,53,Yes,Old Aged
22330,Married,Male,50000,0,Graduate Degree,Skilled Manual,Yes,0,1-2 Miles,North America,32,Yes,Middle Aged
18783,Single,Male,80000,0,Bachelors,Management,No,1,0-1 Miles,North America,38,Yes,Middle Aged
25041,Single,Male,40000,0,High School,Skilled Manual,Yes,2,5-10 Miles,North America,31,No,Middle Aged
22046,Single,Female,80000,0,Bachelors,Management,No,1,0-1 Miles,North America,38,Yes,Middle Aged
28052,Married,Male,60000,2,High School,Professional,Yes,2,10+ Miles,North America,55,No,Old Aged
26693,Married,Male,70000,3,Partial College,Professional,Yes,1,5-10 Miles,North America,49,No,Middle Aged
24955,Single,Male,30000,5,Partial High School,Skilled Manual,Yes,3,10+ Miles,North America,60,Yes,Old Aged
26065,Single,Female,110000,3,Bachelors,Management,No,4,1-2 Miles,North America,42,No,Middle Aged
13942,Married,Male,60000,1,Partial College,Skilled Manual,Yes,1,0-1 Miles,North America,46,No,Middle Aged
11219,Married,Male,60000,2,High School,Professional,Yes,2,10+ Miles,North America,55,No,Old Aged
22118,Single,Female,70000,3,Graduate Degree,Management,Yes,2,5-10 Miles,North America,53,Yes,Old Aged
23197,Married,Male,50000,3,Bachelors,Skilled Manual,Yes,2,2-5 Miles,North America,40,No,Middle Aged
14883,Married,Female,30000,1,Bachelors,Skilled Manual,Yes,1,5-10 Miles,North America,53,Yes,Old Aged
27279,Single,Female,70000,2,Bachelors,Skilled Manual,Yes,0,2-5 Miles,North America,38,Yes,Middle Aged
18322,Single,Male,30000,0,Partial High School,Clerical,No,2,0-1 Miles,North America,26,No,Young
15879,Married,Male,70000,5,Bachelors,Management,Yes,2,2-5 Miles,North America,61,No,Old Aged
28278,Married,Male,50000,2,Graduate Degree,Management,Yes,2,5-10 Miles,North America,71,No,Old Aged
24416,Married,Male,90000,4,High School,Professional,Yes,2,1-2 Miles,North America,45,No,Middle Aged
28066,Married,Male,80000,2,Graduate Degree,Professional,Yes,0,0-1 Miles,North America,37,Yes,Middle Aged
11275,Married,Female,80000,4,Graduate Degree,Management,Yes,2,0-1 Miles,North America,72,Yes,Old Aged
14872,Married,Male,30000,0,Graduate Degree,Skilled Manual,Yes,0,0-1 Miles,North America,32,No,Middle Aged
16151,Married,Female,60000,1,Bachelors,Professional,Yes,1,2-5 Miles,North America,48,Yes,Middle Aged
19731,Married,Male,80000,4,Graduate Degree,Management,Yes,2,5-10 Miles,North America,68,No,Old Aged
23801,Married,Female,20000,2,Partial High School,Clerical,Yes,2,0-1 Miles,North America,49,No,Middle Aged
11807,Married,Male,70000,3,Graduate Degree,Professional,Yes,0,2-5 Miles,North America,34,No,Middle Aged
11622,Married,Male,50000,0,Graduate Degree,Skilled Manual,Yes,0,0-1 Miles,North America,32,No,Middle Aged
26597,Single,Female,60000,4,Bachelors,Skilled Manual,No,2,0-1 Miles,North America,42,No,Middle Aged
27074,Married,Female,70000,1,Graduate Degree,Skilled Manual,Yes,0,0-1 Miles,North America,35,Yes,Middle Aged
19228,Married,Female,40000,2,Partial College,Clerical,Yes,1,0-1 Miles,North America,48,No,Middle Aged
13415,Single,Male,100000,1,Graduate Degree,Management,Yes,3,2-5 Miles,North America,73,Yes,Old Aged
17000,Single,Female,70000,4,Bachelors,Skilled Manual,Yes,2,2-5 Miles,North America,43,Yes,Middle Aged
14569,Married,Male,60000,1,Graduate Degree,Professional,Yes,0,0-1 Miles,North America,35,No,Middle Aged
13873,Married,Male,70000,3,Graduate Degree,Professional,Yes,0,0-1 Miles,North America,35,Yes,Middle Aged
20401,Married,Female,50000,4,Bachelors,Management,Yes,2,1-2 Miles,North America,64,Yes,Old Aged
21583,Married,Female,50000,1,Bachelors,Skilled Manual,Yes,0,0-1 Miles,North America,34,Yes,Middle Aged
12029,Married,Male,30000,0,Partial High School,Clerical,No,2,0-1 Miles,North America,28,No,Young
18066,Single,Male,70000,5,Bachelors,Management,Yes,3,10+ Miles,North America,60,Yes,Old Aged
28192,Married,Female,70000,5,Graduate Degree,Professional,Yes,3,10+ Miles,North America,46,No,Middle Aged
16122,Married,Male,40000,4,High School,Skilled Manual,Yes,2,0-1 Miles,North America,44,Yes,Middle Aged
18607,Single,Female,60000,4,Bachelors,Skilled Manual,Yes,2,2-5 Miles,North America,42,Yes,Middle Aged
28858,Single,Male,80000,3,Bachelors,Skilled Manual,Yes,0,2-5 Miles,North America,40,No,Middle Aged
14432,Single,Male,90000,4,Graduate Degree,Management,Yes,1,5-10 Miles,North America,73,No,Old Aged
26305,Single,Female,60000,2,Bachelors,Skilled Manual,No,0,0-1 Miles,North America,36,Yes,Middle Aged
22050,Single,Male,90000,4,Bachelors,Management,Yes,1,1-2 Miles,North America,38,Yes,Middle Aged
25394,Married,Male,60000,1,Graduate Degree,Professional,Yes,0,2-5 Miles,North America,34,Yes,Middle Aged
19747,Married,Male,50000,4,Bachelors,Management,Yes,2,10+ Miles,North America,63,No,Old Aged
23195,Single,Male,50000,3,Bachelors,Skilled Manual,Yes,2,2-5 Miles,North America,41,Yes,Middle Aged
21695,Married,Male,60000,0,Graduate Degree,Skilled Manual,Yes,0,1-2 Miles,North America,39,Yes,Middle Aged
13934,Married,Male,40000,4,High School,Skilled Manual,Yes,2,2-5 Miles,North America,46,No,Middle Aged
13337,Married,Female,80000,5,Bachelors,Management,Yes,2,5-10 Miles,North America,64,No,Old Aged
27190,Married,Female,40000,3,Partial College,Clerical,Yes,1,1-2 Miles,North America,32,No,Middle Aged
28657,Single,Male,60000,2,Bachelors,Skilled Manual,Yes,0,2-5 Miles,North America,36,Yes,Middle Aged
21713,Single,Male,80000,5,Graduate Degree,Skilled Manual,No,0,0-1 Miles,North America,47,No,Middle Aged
21752,Married,Male,60000,3,Graduate Degree,Management,Yes,2,10+ Miles,North America,64,No,Old Aged
27273,Single,Male,70000,3,Graduate Degree,Professional,No,0,0-1 Miles,North America,35,Yes,Middle Aged
22719,Single,Male,110000,3,Bachelors,Management,Yes,4,2-5 Miles,North America,40,Yes,Middle Aged
22042,Married,Female,70000,0,Partial College,Skilled Manual,Yes,2,5-10 Miles,North America,34,Yes,Middle Aged
21451,Married,Female,40000,4,High School,Professional,Yes,2,10+ Miles,North America,61,No,Old Aged
20754,Married,Male,30000,2,High School,Skilled Manual,Yes,2,1-2 Miles,North America,51,No,Old Aged
12153,Single,Female,70000,3,Partial College,Professional,Yes,1,5-10 Miles,North America,49,Yes,Middle Aged
16895,Married,Female,40000,3,Partial College,Professional,No,2,1-2 Miles,North America,54,Yes,Old Aged
26728,Single,Male,70000,3,Graduate Degree,Management,No,2,1-2 Miles,North America,53,Yes,Old Aged
11090,Single,Male,90000,2,Partial College,Professional,Yes,1,2-5 Miles,North America,48,Yes,Middle Aged
15862,Single,Female,50000,0,Graduate Degree,Skilled Manual,Yes,0,1-2 Miles,North America,33,Yes,Middle Aged
26495,Single,Female,40000,2,High School,Professional,Yes,2,10+ Miles,North America,57,No,Old Aged
11823,Married,Female,70000,0,Graduate Degree,Professional,Yes,0,2-5 Miles,North America,39,No,Middle Aged
23449,Married,Male,60000,2,High School,Professional,Yes,2,5-10 Miles,North America,48,No,Middle Aged
23459,Married,Male,60000,2,High School,Professional,Yes,2,5-10 Miles,North America,50,No,Middle Aged
19543,Married,Male,70000,5,Graduate Degree,Professional,No,3,10+ Miles,North America,47,No,Middle Aged
14914,Married,Female,40000,1,Partial College,Clerical,Yes,1,1-2 Miles,North America,49,Yes,Middle Aged
12033,Single,Female,40000,0,High School,Skilled Manual,No,2,0-1 Miles,North America,27,Yes,Young
11941,Single,Male,60000,0,Partial College,Skilled Manual,Yes,1,5-10 Miles,North America,29,No,Young
14389,Married,Male,60000,2,Bachelors,Management,Yes,0,2-5 Miles,North America,59,No,Old Aged
18050,Married,Female,60000,1,Partial College,Skilled Manual,Yes,1,0-1 Miles,North America,45,Yes,Middle Aged
19856,Married,Female,60000,4,Bachelors,Management,Yes,2,2-5 Miles,North America,60,No,Old Aged
11663,Married,Male,70000,4,Graduate Degree,Professional,Yes,0,0-1 Miles,North America,36,Yes,Middle Aged
27740,Married,Female,40000,0,High School,Skilled Manual,Yes,2,5-10 Miles,North America,27,No,Young
23455,Single,Male,80000,2,Partial High School,Skilled Manual,No,2,1-2 Miles,North America,50,No,Middle Aged
15292,Single,Female,60000,1,Graduate Degree,Skilled Manual,Yes,0,1-2 Miles,North America,35,No,Middle Aged
21587,Married,Female,60000,1,Graduate Degree,Skilled Manual,Yes,0,2-5 Miles,North America,34,Yes,Middle Aged
23513,Married,Female,40000,3,Partial College,Professional,Yes,2,5-10 Miles,North America,54,No,Old Aged
24322,Married,Female,60000,4,Bachelors,Skilled Manual,,2,0-1 Miles,North America,42,No,Middle Aged
26298,Married,Female,50000,1,Bachelors,Skilled Manual,Yes,0,2-5 Miles,North America,34,Yes,Middle Aged
25419,Single,Male,50000,2,Bachelors,Skilled Manual,No,1,0-1 Miles,North America,38,Yes,Middle Aged
13343,Married,Female,90000,5,Bachelors,Management,Yes,2,1-2 Miles,North America,63,Yes,Old Aged
11303,Single,Female,90000,4,High School,Professional,No,3,1-2 Miles,North America,45,Yes,Middle Aged
21693,Single,Female,60000,0,Graduate Degree,Skilled Manual,No,0,0-1 Miles,North America,40,No,Middle Aged
28056,Married,Male,70000,2,Partial High School,Skilled Manual,Yes,2,10+ Miles,North America,53,No,Old Aged
11788,Single,Female,70000,1,Graduate Degree,Professional,Yes,0,2-5 Miles,North America,34,No,Middle Aged
22296,Married,Male,70000,0,Bachelors,Professional,No,1,0-1 Miles,North America,38,No,Middle Aged
15319,Married,Female,70000,4,Bachelors,Management,No,1,1-2 Miles,North America,59,No,Old Aged
17654,Single,Female,40000,3,Partial College,Clerical,Yes,1,1-2 Miles,North America,30,Yes,Young
14662,Married,Male,60000,1,Bachelors,Professional,Yes,1,0-1 Miles,North America,48,Yes,Middle Aged
17541,Married,Female,40000,4,High School,Skilled Manual,Yes,2,2-5 Miles,North America,43,No,Middle Aged
13886,Married,Female,70000,4,Graduate Degree,Professional,Yes,0,2-5 Miles,North America,35,Yes,Middle Aged
13073,Married,Female,60000,0,Partial College,Professional,Yes,2,5-10 Miles,North America,30,No,Young
21940,Married,Male,90000,5,Graduate Degree,Professional,Yes,0,0-1 Miles,North America,47,Yes,Middle Aged
20196,Married,Male,60000,1,Partial College,Skilled Manual,Yes,1,2-5 Miles,North America,45,Yes,Middle Aged
23491,Single,Male,100000,2,Partial College,Professional,No,4,1-2 Miles,North America,45,No,Middle Aged
16651,Married,Female,120000,2,Bachelors,Management,Yes,3,5-10 Miles,North America,62,No,Old Aged
16813,Married,Male,60000,2,Partial College,Professional,Yes,2,10+ Miles,North America,55,No,Old Aged
16007,Married,Female,90000,5,Bachelors,Management,Yes,2,1-2 Miles,North America,66,Yes,Old Aged
27434,Single,Male,70000,4,Partial College,Professional,Yes,1,10+ Miles,North America,56,No,Old Aged
27756,Single,Female,50000,3,Bachelors,Skilled Manual,No,1,0-1 Miles,North America,40,No,Middle Aged
23818,Married,Female,50000,0,Graduate Degree,Skilled Manual,Yes,0,1-2 Miles,North America,33,Yes,Middle Aged
19012,Married,Male,80000,3,Bachelors,Management,Yes,1,1-2 Miles,North America,56,No,Old Aged
18329,Single,Male,30000,0,Partial High School,Clerical,No,2,5-10 Miles,North America,27,No,Young
29037,Married,Male,60000,0,Graduate Degree,Professional,No,0,0-1 Miles,North America,39,No,Middle Aged
26576,Married,Female,60000,0,Partial College,Skilled Manual,Yes,2,5-10 Miles,North America,31,No,Middle Aged
12192,Single,Female,60000,2,Partial High School,Skilled Manual,No,2,1-2 Miles,North America,51,No,Old Aged
14887,Married,Female,30000,1,High School,Clerical,Yes,1,5-10 Miles,North America,52,No,Old Aged
11734,Married,Male,60000,1,Partial College,Skilled Manual,No,1,0-1 Miles,North America,47,No,Middle Aged
17462,Married,Male,70000,3,Graduate Degree,Management,Yes,2,5-10 Miles,North America,53,Yes,Old Aged
20659,Married,Male,70000,3,Graduate Degree,Professional,Yes,0,0-1 Miles,North America,35,Yes,Middle Aged
28004,Married,Female,60000,3,Bachelors,Management,Yes,2,10+ Miles,North America,66,No,Old Aged
19741,Single,Female,80000,4,Graduate Degree,Management,Yes,2,5-10 Miles,North America,65,No,Old Aged
17450,Married,Male,80000,5,Partial College,Professional,Yes,3,5-10 Miles,North America,45,No,Middle Aged
17337,Single,Male,40000,0,High School,Skilled Manual,Yes,1,5-10 Miles,North America,31,No,Middle Aged
18594,Single,Female,80000,3,Bachelors,Skilled Manual,Yes,3,10+ Miles,North America,40,Yes,Middle Aged
15982,Married,Male,110000,5,Partial College,Professional,Yes,4,2-5 Miles,North America,46,No,Middle Aged
28625,Single,Male,40000,2,Partial College,Clerical,No,1,1-2 Miles,North America,47,Yes,Middle Aged
11269,Married,Male,130000,2,Graduate Degree,Management,Yes,2,0-1 Miles,North America,41,No,Middle Aged
25148,Married,Male,60000,2,High School,Professional,No,2,1-2 Miles,North America,48,Yes,Middle Aged
13920,Single,Female,50000,4,Bachelors,Skilled Manual,Yes,2,0-1 Miles,North America,42,No,Middle Aged
23704,Single,Male,40000,5,High School,Professional,Yes,4,10+ Miles,North America,44,Yes,Middle Aged
28972,Single,Female,60000,3,Graduate Degree,Management,Yes,2,10+ Miles,North America,66,No,Old Aged
22730,Married,Male,70000,5,Bachelors,Management,Yes,2,10+ Miles,North America,63,No,Old Aged
29134,Married,Male,60000,4,Bachelors,Skilled Manual,No,3,10+ Miles,North America,42,No,Middle Aged
14332,Single,Female,30000,0,High School,Skilled Manual,No,2,5-10 Miles,North America,26,No,Young
19117,Single,Female,60000,1,Graduate Degree,Professional,Yes,0,2-5 Miles,North America,36,Yes,Middle Aged
22864,Married,Male,90000,2,Partial College,Professional,No,0,5-10 Miles,North America,49,Yes,Middle Aged
11292,Single,Male,150000,1,Partial College,Professional,No,3,0-1 Miles,North America,44,Yes,Middle Aged
13466,Married,Male,80000,5,Partial College,Professional,Yes,3,1-2 Miles,North America,46,No,Middle Aged
23731,Married,Male,60000,2,High School,Professional,Yes,2,2-5 Miles,North America,54,Yes,Old Aged
28672,Single,Male,70000,4,Graduate Degree,Professional,Yes,0,2-5 Miles,North America,35,Yes,Middle Aged
11809,Married,Male,60000,2,Bachelors,Skilled Manual,Yes,0,0-1 Miles,North America,38,Yes,Middle Aged
19664,Single,Male,100000,3,Bachelors,Management,No,3,1-2 Miles,North America,38,No,Middle Aged
12121,Single,Male,60000,3,High School,Professional,Yes,2,10+ Miles,North America,53,Yes,Old Aged
,,,,,,,,,,,,,
,,,,,,,,,,,,,
